accession	description	scientific_name	tax_id	tax_lineage	country	location	altitude	isolation_source	environmental_sample	host	host_tax_id	dev_stage	sex	tissue_type	collected_by	identified_by	collection_date	collection_date_start	collection_date_end	isolate	strain	sub_species	sub_strain	cultivar	ecotype	variety	specimen_voucher	culture_collection	bio_material	study_accession	sample_accession	secondary_sample_accession
PQ732377	Uncultured Halobaculum sp. clone GH48 16S ribosomal RNA gene, partial sequence.	uncultured Halobaculum sp.	1682348	1;131567;2157;3366610;28890;2290931;183963;2235;1644056;43927;1682347;1682348				Halite, non-pigmented, Site 7	true																							
HM175746	Sitophilus oryzae glycoside hydrolase family protein 48 (GH48-1) mRNA, complete cds.	Sitophilus oryzae	7048	1;131567;2759;33154;33208;6072;33213;33317;1206794;88770;6656;197563;197562;6960;50557;85512;7496;33340;33392;7041;41084;41088;71529;7042;39812;7045;7048					false			adult		midgut																		
AJ849490	Viral haemorrhagic septicaemia virus partial n gene for nucleoprotein, genomic RNA, isolate GH48	Viral hemorrhagic septicemia virus	11287	1;10239;2559587;2732396;2497569;2497570;2497574;11157;11270;2842415;186778;1980916;11287	Spain:Flemish Cap				false	Reinhardtius hippoglossoides	111784									GH48												
GU439323	Uncultured bacterium clone GH48-TNG glycosyl hydrolase family 48 protein gene, partial cds.	uncultured bacterium	77133	1;131567;2;48479;77133				gut	true	Batocera horsfieldi	351105																					
KX768679	Uncultured actinobacterium clone GH48_cell_Bulk_CK_1 glycoside hydrolase family 48 protein (GH48) gene, partial cds.	uncultured Actinomycetes bacterium	152507	1;131567;2;1783272;201174;1760;35766;152507	China			arable soil	true								20-Sep-2014	2014-09-19	2014-09-20													
KF009059	Uncultured bacterium clone 9007C-112 glycoside hydrolase 48 family protein (GH48) gene, partial cds.	uncultured bacterium	77133	1;131567;2;48479;77133				cow rumen	true																							
KF009061	Uncultured bacterium clone 9007C-115 glycoside hydrolase 48 family protein (GH48) gene, partial cds.	uncultured bacterium	77133	1;131567;2;48479;77133				cow rumen	true																							
KF009072	Uncultured bacterium clone 9007C-141 glycoside hydrolase 48 family protein (GH48) gene, partial cds.	uncultured bacterium	77133	1;131567;2;48479;77133				cow rumen	true																							
KF009089	Uncultured bacterium clone 9007C-181 glycoside hydrolase 48 family protein (GH48) gene, partial cds.	uncultured bacterium	77133	1;131567;2;48479;77133				cow rumen	true																							
KF009114	Uncultured bacterium clone 9007C-94 glycoside hydrolase 48 family protein (GH48) gene, partial cds.	uncultured bacterium	77133	1;131567;2;48479;77133				cow rumen	true																							
KF009121	Uncultured bacterium clone 9007C-209 glycoside hydrolase 48 family protein (GH48) gene, partial cds.	uncultured bacterium	77133	1;131567;2;48479;77133				cow rumen	true																							
KF009141	Uncultured bacterium clone 9007C-238 glycoside hydrolase 48 family protein (GH48) gene, partial cds.	uncultured bacterium	77133	1;131567;2;48479;77133				cow rumen	true																							
KF009173	Uncultured bacterium clone 9007g-101 glycoside hydrolase 48 family protein (GH48) gene, partial cds.	uncultured bacterium	77133	1;131567;2;48479;77133				cow rumen	true																							
KF009207	Uncultured bacterium clone 9007g-331 glycoside hydrolase 48 family protein (GH48) gene, partial cds.	uncultured bacterium	77133	1;131567;2;48479;77133				cow rumen	true																							
KF009239	Uncultured bacterium clone 9007g-604 glycoside hydrolase 48 family protein (GH48) gene, partial cds.	uncultured bacterium	77133	1;131567;2;48479;77133				cow rumen	true																							
KF009240	Uncultured bacterium clone 9007g-606 glycoside hydrolase 48 family protein (GH48) gene, partial cds.	uncultured bacterium	77133	1;131567;2;48479;77133				cow rumen	true																							
KF009249	Uncultured bacterium clone 9007g-644 glycoside hydrolase 48 family protein (GH48) gene, partial cds.	uncultured bacterium	77133	1;131567;2;48479;77133				cow rumen	true																							
KF009271	Uncultured bacterium clone 9015C-318 glycoside hydrolase 48 family protein (GH48) gene, partial cds.	uncultured bacterium	77133	1;131567;2;48479;77133				cow rumen	true																							
KF009282	Uncultured bacterium clone 9015C-353 glycoside hydrolase 48 family protein (GH48) gene, partial cds.	uncultured bacterium	77133	1;131567;2;48479;77133				cow rumen	true																							
KF009304	Uncultured bacterium clone 9015C-431 glycoside hydrolase 48 family protein (GH48) gene, partial cds.	uncultured bacterium	77133	1;131567;2;48479;77133				cow rumen	true																							
KF009314	Uncultured bacterium clone 9015C-505 glycoside hydrolase 48 family protein (GH48) gene, partial cds.	uncultured bacterium	77133	1;131567;2;48479;77133				cow rumen	true																							
KF009324	Uncultured bacterium clone 9015C-515 glycoside hydrolase 48 family protein (GH48) gene, partial cds.	uncultured bacterium	77133	1;131567;2;48479;77133				cow rumen	true																							
KF009335	Uncultured bacterium clone 9015C-529 glycoside hydrolase 48 family protein (GH48) gene, partial cds.	uncultured bacterium	77133	1;131567;2;48479;77133				cow rumen	true																							
KF009396	Uncultured bacterium clone 9015g-101 glycoside hydrolase 48 family protein (GH48) gene, partial cds.	uncultured bacterium	77133	1;131567;2;48479;77133				cow rumen	true																							
KF009440	Uncultured bacterium clone 9015g-106 glycoside hydrolase 48 family protein (GH48) gene, partial cds.	uncultured bacterium	77133	1;131567;2;48479;77133				cow rumen	true																							
KF009449	Uncultured bacterium clone 9015g-131 glycoside hydrolase 48 family protein (GH48) gene, partial cds.	uncultured bacterium	77133	1;131567;2;48479;77133				cow rumen	true																							
KF009460	Uncultured bacterium clone 9015g-304 glycoside hydrolase 48 family protein (GH48) gene, partial cds.	uncultured bacterium	77133	1;131567;2;48479;77133				cow rumen	true																							
KF009491	Uncultured bacterium clone 9015g-403 glycoside hydrolase 48 family protein (GH48) gene, partial cds.	uncultured bacterium	77133	1;131567;2;48479;77133				cow rumen	true																							
KF009506	Uncultured bacterium clone 9015g-421 glycoside hydrolase 48 family protein (GH48) gene, partial cds.	uncultured bacterium	77133	1;131567;2;48479;77133				cow rumen	true																							
AY856592	Hepatitis B virus isolate GH48 pre-core protein and core protein genes, partial cds.	Hepatitis B virus	10407	1;10239;2559587;2732397;2732409;2732514;2732515;10404;10405;3431302;10407	Ghana				false											GH48												
KF009053	Uncultured bacterium clone 9007C-2 glycoside hydrolase 48 family protein (GH48) gene, partial cds.	uncultured bacterium	77133	1;131567;2;48479;77133				cow rumen	true																							
KF009055	Uncultured bacterium clone 9007C-101 glycoside hydrolase 48 family protein (GH48) gene, partial cds.	uncultured bacterium	77133	1;131567;2;48479;77133				cow rumen	true																							
KF009067	Uncultured bacterium clone 9007C-131 glycoside hydrolase 48 family protein (GH48) gene, partial cds.	uncultured bacterium	77133	1;131567;2;48479;77133				cow rumen	true																							
KF009068	Uncultured bacterium clone 9007C-132 glycoside hydrolase 48 family protein (GH48) gene, partial cds.	uncultured bacterium	77133	1;131567;2;48479;77133				cow rumen	true																							
KF009075	Uncultured bacterium clone 9007C-148 glycoside hydrolase 48 family protein (GH48) gene, partial cds.	uncultured bacterium	77133	1;131567;2;48479;77133				cow rumen	true																							
KF009090	Uncultured bacterium clone 9007C-183 glycoside hydrolase 48 family protein (GH48) gene, partial cds.	uncultured bacterium	77133	1;131567;2;48479;77133				cow rumen	true																							
KF009098	Uncultured bacterium clone 9007C-56 glycoside hydrolase 48 family protein (GH48) gene, partial cds.	uncultured bacterium	77133	1;131567;2;48479;77133				cow rumen	true																							
KF009103	Uncultured bacterium clone 9007C-66 glycoside hydrolase 48 family protein (GH48) gene, partial cds.	uncultured bacterium	77133	1;131567;2;48479;77133				cow rumen	true																							
KF009104	Uncultured bacterium clone 9007C-68 glycoside hydrolase 48 family protein (GH48) gene, partial cds.	uncultured bacterium	77133	1;131567;2;48479;77133				cow rumen	true																							
KF009107	Uncultured bacterium clone 9007C-74 glycoside hydrolase 48 family protein (GH48) gene, partial cds.	uncultured bacterium	77133	1;131567;2;48479;77133				cow rumen	true																							
KF009117	Uncultured bacterium clone 9007C-203 glycoside hydrolase 48 family protein (GH48) gene, partial cds.	uncultured bacterium	77133	1;131567;2;48479;77133				cow rumen	true																							
KF009148	Uncultured bacterium clone 9007C-252 glycoside hydrolase 48 family protein (GH48) gene, partial cds.	uncultured bacterium	77133	1;131567;2;48479;77133				cow rumen	true																							
KF009174	Uncultured bacterium clone 9007g-111 glycoside hydrolase 48 family protein (GH48) gene, partial cds.	uncultured bacterium	77133	1;131567;2;48479;77133				cow rumen	true																							
KF009177	Uncultured bacterium clone 9007g-128 glycoside hydrolase 48 family protein (GH48) gene, partial cds.	uncultured bacterium	77133	1;131567;2;48479;77133				cow rumen	true																							
KF009231	Uncultured bacterium clone 9007g-519 glycoside hydrolase 48 family protein (GH48) gene, partial cds.	uncultured bacterium	77133	1;131567;2;48479;77133				cow rumen	true																							
KF009233	Uncultured bacterium clone 9007g-525 glycoside hydrolase 48 family protein (GH48) gene, partial cds.	uncultured bacterium	77133	1;131567;2;48479;77133				cow rumen	true																							
KF009241	Uncultured bacterium clone 9007g-632 glycoside hydrolase 48 family protein (GH48) gene, partial cds.	uncultured bacterium	77133	1;131567;2;48479;77133				cow rumen	true																							
KF009255	Uncultured bacterium clone 9015C-129 glycoside hydrolase 48 family protein (GH48) gene, partial cds.	uncultured bacterium	77133	1;131567;2;48479;77133				cow rumen	true																							
KF009265	Uncultured bacterium clone 9015C-310 glycoside hydrolase 48 family protein (GH48) gene, partial cds.	uncultured bacterium	77133	1;131567;2;48479;77133				cow rumen	true																							
KF009345	Uncultured bacterium clone 9015C-548 glycoside hydrolase 48 family protein (GH48) gene, partial cds.	uncultured bacterium	77133	1;131567;2;48479;77133				cow rumen	true																							
KF009366	Uncultured bacterium clone 9015C-601 glycoside hydrolase 48 family protein (GH48) gene, partial cds.	uncultured bacterium	77133	1;131567;2;48479;77133				cow rumen	true																							
KF009369	Uncultured bacterium clone 9015C-604 glycoside hydrolase 48 family protein (GH48) gene, partial cds.	uncultured bacterium	77133	1;131567;2;48479;77133				cow rumen	true																							
KF009380	Uncultured bacterium clone 9015C-620 glycoside hydrolase 48 family protein (GH48) gene, partial cds.	uncultured bacterium	77133	1;131567;2;48479;77133				cow rumen	true																							
KF009392	Uncultured bacterium clone 9015g-53 glycoside hydrolase 48 family protein (GH48) gene, partial cds.	uncultured bacterium	77133	1;131567;2;48479;77133				cow rumen	true																							
KF009397	Uncultured bacterium clone 9015g-102 glycoside hydrolase 48 family protein (GH48) gene, partial cds.	uncultured bacterium	77133	1;131567;2;48479;77133				cow rumen	true																							
KF009400	Uncultured bacterium clone 9015g-107 glycoside hydrolase 48 family protein (GH48) gene, partial cds.	uncultured bacterium	77133	1;131567;2;48479;77133				cow rumen	true																							
KF009443	Uncultured bacterium clone 9015g-121 glycoside hydrolase 48 family protein (GH48) gene, partial cds.	uncultured bacterium	77133	1;131567;2;48479;77133				cow rumen	true																							
KF009448	Uncultured bacterium clone 9015g-129 glycoside hydrolase 48 family protein (GH48) gene, partial cds.	uncultured bacterium	77133	1;131567;2;48479;77133				cow rumen	true																							
KF009463	Uncultured bacterium clone 9015g-309 glycoside hydrolase 48 family protein (GH48) gene, partial cds.	uncultured bacterium	77133	1;131567;2;48479;77133				cow rumen	true																							
KF009471	Uncultured bacterium clone 9015g-319 glycoside hydrolase 48 family protein (GH48) gene, partial cds.	uncultured bacterium	77133	1;131567;2;48479;77133				cow rumen	true																							
KF009473	Uncultured bacterium clone 9015g-324 glycoside hydrolase 48 family protein (GH48) gene, partial cds.	uncultured bacterium	77133	1;131567;2;48479;77133				cow rumen	true																							
KX768670	Uncultured actinobacterium clone GH48_2000-200mum_NPK_7 glycoside hydrolase family 48 protein (GH48) gene, partial cds.	uncultured Actinomycetes bacterium	152507	1;131567;2;1783272;201174;1760;35766;152507	China			arable soil	true								20-Sep-2014	2014-09-19	2014-09-20													
KX768671	Uncultured actinobacterium clone GH48_63-2mum_CK_4 glycoside hydrolase family 48 protein (GH48) gene, partial cds.	uncultured Actinomycetes bacterium	152507	1;131567;2;1783272;201174;1760;35766;152507	China			arable soil	true								20-Sep-2014	2014-09-19	2014-09-20													
KF009092	Uncultured bacterium clone 9007C-186 glycoside hydrolase 48 family protein (GH48) gene, partial cds.	uncultured bacterium	77133	1;131567;2;48479;77133				cow rumen	true																							
KF009094	Uncultured bacterium clone 9007C-193 glycoside hydrolase 48 family protein (GH48) gene, partial cds.	uncultured bacterium	77133	1;131567;2;48479;77133				cow rumen	true																							
KF009120	Uncultured bacterium clone 9007C-208 glycoside hydrolase 48 family protein (GH48) gene, partial cds.	uncultured bacterium	77133	1;131567;2;48479;77133				cow rumen	true																							
KF009144	Uncultured bacterium clone 9007C-246 glycoside hydrolase 48 family protein (GH48) gene, partial cds.	uncultured bacterium	77133	1;131567;2;48479;77133				cow rumen	true																							
KF009155	Uncultured bacterium clone 9007C-265 glycoside hydrolase 48 family protein (GH48) gene, partial cds.	uncultured bacterium	77133	1;131567;2;48479;77133				cow rumen	true																							
KF009157	Uncultured bacterium clone 9007C-268 glycoside hydrolase 48 family protein (GH48) gene, partial cds.	uncultured bacterium	77133	1;131567;2;48479;77133				cow rumen	true																							
KF009160	Uncultured bacterium clone 9007g-2 glycoside hydrolase 48 family protein (GH48) gene, partial cds.	uncultured bacterium	77133	1;131567;2;48479;77133				cow rumen	true																							
KF009162	Uncultured bacterium clone 9007g-13 glycoside hydrolase 48 family protein (GH48) gene, partial cds.	uncultured bacterium	77133	1;131567;2;48479;77133				cow rumen	true																							
KF009226	Uncultured bacterium clone 9007g-333 glycoside hydrolase 48 family protein (GH48) gene, partial cds.	uncultured bacterium	77133	1;131567;2;48479;77133				cow rumen	true																							
KF009234	Uncultured bacterium clone 9007g-533 glycoside hydrolase 48 family protein (GH48) gene, partial cds.	uncultured bacterium	77133	1;131567;2;48479;77133				cow rumen	true																							
KF009242	Uncultured bacterium clone 9007g-634 glycoside hydrolase 48 family protein (GH48) gene, partial cds.	uncultured bacterium	77133	1;131567;2;48479;77133				cow rumen	true																							
KF009279	Uncultured bacterium clone 9015C-348 glycoside hydrolase 48 family protein (GH48) gene, partial cds.	uncultured bacterium	77133	1;131567;2;48479;77133				cow rumen	true																							
KF009315	Uncultured bacterium clone 9015C-506 glycoside hydrolase 48 family protein (GH48) gene, partial cds.	uncultured bacterium	77133	1;131567;2;48479;77133				cow rumen	true																							
KF009318	Uncultured bacterium clone 9015C-509 glycoside hydrolase 48 family protein (GH48) gene, partial cds.	uncultured bacterium	77133	1;131567;2;48479;77133				cow rumen	true																							
KF009344	Uncultured bacterium clone 9015C-546 glycoside hydrolase 48 family protein (GH48) gene, partial cds.	uncultured bacterium	77133	1;131567;2;48479;77133				cow rumen	true																							
KF009348	Uncultured bacterium clone 9015C-552 glycoside hydrolase 48 family protein (GH48) gene, partial cds.	uncultured bacterium	77133	1;131567;2;48479;77133				cow rumen	true																							
KF009355	Uncultured bacterium clone 9015C-561 glycoside hydrolase 48 family protein (GH48) gene, partial cds.	uncultured bacterium	77133	1;131567;2;48479;77133				cow rumen	true																							
KF009377	Uncultured bacterium clone 9015C-617 glycoside hydrolase 48 family protein (GH48) gene, partial cds.	uncultured bacterium	77133	1;131567;2;48479;77133				cow rumen	true																							
KF009407	Uncultured bacterium clone 9015g-117 glycoside hydrolase 48 family protein (GH48) gene, partial cds.	uncultured bacterium	77133	1;131567;2;48479;77133				cow rumen	true																							
KF009417	Uncultured bacterium clone 9015g-213 glycoside hydrolase 48 family protein (GH48) gene, partial cds.	uncultured bacterium	77133	1;131567;2;48479;77133				cow rumen	true																							
KF009419	Uncultured bacterium clone 9015g-216 glycoside hydrolase 48 family protein (GH48) gene, partial cds.	uncultured bacterium	77133	1;131567;2;48479;77133				cow rumen	true																							
KF009423	Uncultured bacterium clone 9015g-220 glycoside hydrolase 48 family protein (GH48) gene, partial cds.	uncultured bacterium	77133	1;131567;2;48479;77133				cow rumen	true																							
KF009425	Uncultured bacterium clone 9015g-222 glycoside hydrolase 48 family protein (GH48) gene, partial cds.	uncultured bacterium	77133	1;131567;2;48479;77133				cow rumen	true																							
KF009435	Uncultured bacterium clone 9015g-236 glycoside hydrolase 48 family protein (GH48) gene, partial cds.	uncultured bacterium	77133	1;131567;2;48479;77133				cow rumen	true																							
KF009450	Uncultured bacterium clone 9015g-133 glycoside hydrolase 48 family protein (GH48) gene, partial cds.	uncultured bacterium	77133	1;131567;2;48479;77133				cow rumen	true																							
KF009458	Uncultured bacterium clone 9015g-143 glycoside hydrolase 48 family protein (GH48) gene, partial cds.	uncultured bacterium	77133	1;131567;2;48479;77133				cow rumen	true																							
KF009478	Uncultured bacterium clone 9015g-331 glycoside hydrolase 48 family protein (GH48) gene, partial cds.	uncultured bacterium	77133	1;131567;2;48479;77133				cow rumen	true																							
KX768681	Uncultured actinobacterium clone GH48_cell_200-63mum_NPKM_5 glycoside hydrolase family 48 protein (GH48) gene, partial cds.	uncultured Actinomycetes bacterium	152507	1;131567;2;1783272;201174;1760;35766;152507	China			arable soil	true								20-Sep-2014	2014-09-19	2014-09-20													
KX768684	Uncultured actinobacterium clone GH48_cell_63-2mum_CK_2 glycoside hydrolase family 48 protein (GH48) gene, partial cds.	uncultured Actinomycetes bacterium	152507	1;131567;2;1783272;201174;1760;35766;152507	China			arable soil	true								20-Sep-2014	2014-09-19	2014-09-20													
KF009134	Uncultured bacterium clone 9007C-227 glycoside hydrolase 48 family protein (GH48) gene, partial cds.	uncultured bacterium	77133	1;131567;2;48479;77133				cow rumen	true																							
KF009223	Uncultured bacterium clone 9007g-434 glycoside hydrolase 48 family protein (GH48) gene, partial cds.	uncultured bacterium	77133	1;131567;2;48479;77133				cow rumen	true																							
KF009238	Uncultured bacterium clone 9007g-603 glycoside hydrolase 48 family protein (GH48) gene, partial cds.	uncultured bacterium	77133	1;131567;2;48479;77133				cow rumen	true																							
KF009287	Uncultured bacterium clone 9015C-361 glycoside hydrolase 48 family protein (GH48) gene, partial cds.	uncultured bacterium	77133	1;131567;2;48479;77133				cow rumen	true																							
KF009182	Uncultured bacterium clone 9007g-219 glycoside hydrolase 48 family protein (GH48) gene, partial cds.	uncultured bacterium	77133	1;131567;2;48479;77133				cow rumen	true																							
KF009218	Uncultured bacterium clone 9007g-406 glycoside hydrolase 48 family protein (GH48) gene, partial cds.	uncultured bacterium	77133	1;131567;2;48479;77133				cow rumen	true																							
KF009415	Uncultured bacterium clone 9015g-211 glycoside hydrolase 48 family protein (GH48) gene, partial cds.	uncultured bacterium	77133	1;131567;2;48479;77133				cow rumen	true																							
KF009176	Uncultured bacterium clone 9007g-118 glycoside hydrolase 48 family protein (GH48) gene, partial cds.	uncultured bacterium	77133	1;131567;2;48479;77133				cow rumen	true																							
AB301022	Bacillus amyloliquefaciens gene for 16S rRNA, partial sequence, strain: GH48.	Bacillus amyloliquefaciens	1390	1;131567;2;1783272;1239;91061;1385;186817;1386;653685;1938374;1390					false												GH48											
HM175832	Gastrophysa viridula glycoside hydrolase family protein 48 (GH48-3) mRNA, complete cds.	Gastrophysa viridula	154015	1;131567;2759;33154;33208;6072;33213;33317;1206794;88770;6656;197563;197562;6960;50557;85512;7496;33340;33392;7041;41084;41088;71528;27439;63707;63708;154013;154015					false			larva		midgut																		
HM175747	Sitophilus oryzae glycoside hydrolase family protein 48 (GH48-2) mRNA, complete cds.	Sitophilus oryzae	7048	1;131567;2759;33154;33208;6072;33213;33317;1206794;88770;6656;197563;197562;6960;50557;85512;7496;33340;33392;7041;41084;41088;71529;7042;39812;7045;7048					false			adult		midgut																		
HM175779	Chrysomela tremulae glycoside hydrolase family protein 48 (GH48-2) mRNA, complete cds.	Chrysomela tremula	63687	1;131567;2759;33154;33208;6072;33213;33317;1206794;88770;6656;197563;197562;6960;50557;85512;7496;33340;33392;7041;41084;41088;71528;27439;63707;63708;41127;63687					false			larva		midgut																		
HM175778	Chrysomela tremulae glycoside hydrolase family protein 48 (GH48-1) mRNA, complete cds.	Chrysomela tremula	63687	1;131567;2759;33154;33208;6072;33213;33317;1206794;88770;6656;197563;197562;6960;50557;85512;7496;33340;33392;7041;41084;41088;71528;27439;63707;63708;41127;63687					false			larva		midgut																		
KX768665	Uncultured actinobacterium clone GH48_Bulk_CK_2 glycoside hydrolase family 48 protein (GH48) gene, partial cds.	uncultured Actinomycetes bacterium	152507	1;131567;2;1783272;201174;1760;35766;152507	China			arable soil	true								20-Sep-2014	2014-09-19	2014-09-20													
KF009108	Uncultured bacterium clone 9007C-75 glycoside hydrolase 48 family protein (GH48) gene, partial cds.	uncultured bacterium	77133	1;131567;2;48479;77133				cow rumen	true																							
KF009131	Uncultured bacterium clone 9007C-222 glycoside hydrolase 48 family protein (GH48) gene, partial cds.	uncultured bacterium	77133	1;131567;2;48479;77133				cow rumen	true																							
KF009132	Uncultured bacterium clone 9007C-223 glycoside hydrolase 48 family protein (GH48) gene, partial cds.	uncultured bacterium	77133	1;131567;2;48479;77133				cow rumen	true																							
KF009138	Uncultured bacterium clone 9007C-232 glycoside hydrolase 48 family protein (GH48) gene, partial cds.	uncultured bacterium	77133	1;131567;2;48479;77133				cow rumen	true																							
KF009163	Uncultured bacterium clone 9007g-20 glycoside hydrolase 48 family protein (GH48) gene, partial cds.	uncultured bacterium	77133	1;131567;2;48479;77133				cow rumen	true																							
KF009188	Uncultured bacterium clone 9007g-167 glycoside hydrolase 48 family protein (GH48) gene, partial cds.	uncultured bacterium	77133	1;131567;2;48479;77133				cow rumen	true																							
KF009205	Uncultured bacterium clone 9007g-315 glycoside hydrolase 48 family protein (GH48) gene, partial cds.	uncultured bacterium	77133	1;131567;2;48479;77133				cow rumen	true																							
KF009206	Uncultured bacterium clone 9007g-324 glycoside hydrolase 48 family protein (GH48) gene, partial cds.	uncultured bacterium	77133	1;131567;2;48479;77133				cow rumen	true																							
KF009217	Uncultured bacterium clone 9007g-405 glycoside hydrolase 48 family protein (GH48) gene, partial cds.	uncultured bacterium	77133	1;131567;2;48479;77133				cow rumen	true																							
KF009244	Uncultured bacterium clone 9007g-638 glycoside hydrolase 48 family protein (GH48) gene, partial cds.	uncultured bacterium	77133	1;131567;2;48479;77133				cow rumen	true																							
KF009248	Uncultured bacterium clone 9007g-643 glycoside hydrolase 48 family protein (GH48) gene, partial cds.	uncultured bacterium	77133	1;131567;2;48479;77133				cow rumen	true																							
KF009307	Uncultured bacterium clone 9015C-442 glycoside hydrolase 48 family protein (GH48) gene, partial cds.	uncultured bacterium	77133	1;131567;2;48479;77133				cow rumen	true																							
KF009320	Uncultured bacterium clone 9015C-511 glycoside hydrolase 48 family protein (GH48) gene, partial cds.	uncultured bacterium	77133	1;131567;2;48479;77133				cow rumen	true																							
KF009328	Uncultured bacterium clone 9015C-522 glycoside hydrolase 48 family protein (GH48) gene, partial cds.	uncultured bacterium	77133	1;131567;2;48479;77133				cow rumen	true																							
KF009330	Uncultured bacterium clone 9015C-524 glycoside hydrolase 48 family protein (GH48) gene, partial cds.	uncultured bacterium	77133	1;131567;2;48479;77133				cow rumen	true																							
KF009365	Uncultured bacterium clone 9015C-575 glycoside hydrolase 48 family protein (GH48) gene, partial cds.	uncultured bacterium	77133	1;131567;2;48479;77133				cow rumen	true																							
KF009388	Uncultured bacterium clone 9015g-11 glycoside hydrolase 48 family protein (GH48) gene, partial cds.	uncultured bacterium	77133	1;131567;2;48479;77133				cow rumen	true																							
KF009390	Uncultured bacterium clone 9015g-18 glycoside hydrolase 48 family protein (GH48) gene, partial cds.	uncultured bacterium	77133	1;131567;2;48479;77133				cow rumen	true																							
KF009453	Uncultured bacterium clone 9015g-136 glycoside hydrolase 48 family protein (GH48) gene, partial cds.	uncultured bacterium	77133	1;131567;2;48479;77133				cow rumen	true																							
KF009054	Uncultured bacterium clone 9007C-10 glycoside hydrolase 48 family protein (GH48) gene, partial cds.	uncultured bacterium	77133	1;131567;2;48479;77133				cow rumen	true																							
KF009065	Uncultured bacterium clone 9007C-125 glycoside hydrolase 48 family protein (GH48) gene, partial cds.	uncultured bacterium	77133	1;131567;2;48479;77133				cow rumen	true																							
KF009071	Uncultured bacterium clone 9007C-139 glycoside hydrolase 48 family protein (GH48) gene, partial cds.	uncultured bacterium	77133	1;131567;2;48479;77133				cow rumen	true																							
KF009073	Uncultured bacterium clone 9007C-144 glycoside hydrolase 48 family protein (GH48) gene, partial cds.	uncultured bacterium	77133	1;131567;2;48479;77133				cow rumen	true																							
KF009081	Uncultured bacterium clone 9007C-160 glycoside hydrolase 48 family protein (GH48) gene, partial cds.	uncultured bacterium	77133	1;131567;2;48479;77133				cow rumen	true																							
KF009100	Uncultured bacterium clone 9007C-62 glycoside hydrolase 48 family protein (GH48) gene, partial cds.	uncultured bacterium	77133	1;131567;2;48479;77133				cow rumen	true																							
KF009112	Uncultured bacterium clone 9007C-86 glycoside hydrolase 48 family protein (GH48) gene, partial cds.	uncultured bacterium	77133	1;131567;2;48479;77133				cow rumen	true																							
KF009122	Uncultured bacterium clone 9007C-210 glycoside hydrolase 48 family protein (GH48) gene, partial cds.	uncultured bacterium	77133	1;131567;2;48479;77133				cow rumen	true																							
KF009125	Uncultured bacterium clone 9007C-214 glycoside hydrolase 48 family protein (GH48) gene, partial cds.	uncultured bacterium	77133	1;131567;2;48479;77133				cow rumen	true																							
KF009127	Uncultured bacterium clone 9007C-216 glycoside hydrolase 48 family protein (GH48) gene, partial cds.	uncultured bacterium	77133	1;131567;2;48479;77133				cow rumen	true																							
KF009145	Uncultured bacterium clone 9007C-247 glycoside hydrolase 48 family protein (GH48) gene, partial cds.	uncultured bacterium	77133	1;131567;2;48479;77133				cow rumen	true																							
KF009147	Uncultured bacterium clone 9007C-251 glycoside hydrolase 48 family protein (GH48) gene, partial cds.	uncultured bacterium	77133	1;131567;2;48479;77133				cow rumen	true																							
KF009167	Uncultured bacterium clone 9007g-72 glycoside hydrolase 48 family protein (GH48) gene, partial cds.	uncultured bacterium	77133	1;131567;2;48479;77133				cow rumen	true																							
KF009170	Uncultured bacterium clone 9007g-82 glycoside hydrolase 48 family protein (GH48) gene, partial cds.	uncultured bacterium	77133	1;131567;2;48479;77133				cow rumen	true																							
KF009171	Uncultured bacterium clone 9007g-92 glycoside hydrolase 48 family protein (GH48) gene, partial cds.	uncultured bacterium	77133	1;131567;2;48479;77133				cow rumen	true																							
KF009184	Uncultured bacterium clone 9007g-182 glycoside hydrolase 48 family protein (GH48) gene, partial cds.	uncultured bacterium	77133	1;131567;2;48479;77133				cow rumen	true																							
KF009186	Uncultured bacterium clone 9007g-229 glycoside hydrolase 48 family protein (GH48) gene, partial cds.	uncultured bacterium	77133	1;131567;2;48479;77133				cow rumen	true																							
KF009193	Uncultured bacterium clone 9007g-263 glycoside hydrolase 48 family protein (GH48) gene, partial cds.	uncultured bacterium	77133	1;131567;2;48479;77133				cow rumen	true																							
KF009198	Uncultured bacterium clone 9007g-289 glycoside hydrolase 48 family protein (GH48) gene, partial cds.	uncultured bacterium	77133	1;131567;2;48479;77133				cow rumen	true																							
KF009212	Uncultured bacterium clone 9007g-352 glycoside hydrolase 48 family protein (GH48) gene, partial cds.	uncultured bacterium	77133	1;131567;2;48479;77133				cow rumen	true																							
KF009235	Uncultured bacterium clone 9007g-536 glycoside hydrolase 48 family protein (GH48) gene, partial cds.	uncultured bacterium	77133	1;131567;2;48479;77133				cow rumen	true																							
KF009236	Uncultured bacterium clone 9007g-540 glycoside hydrolase 48 family protein (GH48) gene, partial cds.	uncultured bacterium	77133	1;131567;2;48479;77133				cow rumen	true																							
KF009245	Uncultured bacterium clone 9007g-639 glycoside hydrolase 48 family protein (GH48) gene, partial cds.	uncultured bacterium	77133	1;131567;2;48479;77133				cow rumen	true																							
KF009276	Uncultured bacterium clone 9015C-332 glycoside hydrolase 48 family protein (GH48) gene, partial cds.	uncultured bacterium	77133	1;131567;2;48479;77133				cow rumen	true																							
KF009280	Uncultured bacterium clone 9015C-349 glycoside hydrolase 48 family protein (GH48) gene, partial cds.	uncultured bacterium	77133	1;131567;2;48479;77133				cow rumen	true																							
KF009283	Uncultured bacterium clone 9015C-355 glycoside hydrolase 48 family protein (GH48) gene, partial cds.	uncultured bacterium	77133	1;131567;2;48479;77133				cow rumen	true																							
KF009286	Uncultured bacterium clone 9015C-359 glycoside hydrolase 48 family protein (GH48) gene, partial cds.	uncultured bacterium	77133	1;131567;2;48479;77133				cow rumen	true																							
KF009291	Uncultured bacterium clone 9015C-322 glycoside hydrolase 48 family protein (GH48) gene, partial cds.	uncultured bacterium	77133	1;131567;2;48479;77133				cow rumen	true																							
KF009321	Uncultured bacterium clone 9015C-512 glycoside hydrolase 48 family protein (GH48) gene, partial cds.	uncultured bacterium	77133	1;131567;2;48479;77133				cow rumen	true																							
KF009325	Uncultured bacterium clone 9015C-518 glycoside hydrolase 48 family protein (GH48) gene, partial cds.	uncultured bacterium	77133	1;131567;2;48479;77133				cow rumen	true																							
KF009379	Uncultured bacterium clone 9015C-619 glycoside hydrolase 48 family protein (GH48) gene, partial cds.	uncultured bacterium	77133	1;131567;2;48479;77133				cow rumen	true																							
KF009391	Uncultured bacterium clone 9015g-52 glycoside hydrolase 48 family protein (GH48) gene, partial cds.	uncultured bacterium	77133	1;131567;2;48479;77133				cow rumen	true																							
KF009395	Uncultured bacterium clone 9015g-70 glycoside hydrolase 48 family protein (GH48) gene, partial cds.	uncultured bacterium	77133	1;131567;2;48479;77133				cow rumen	true																							
KF009459	Uncultured bacterium clone 9015g-303 glycoside hydrolase 48 family protein (GH48) gene, partial cds.	uncultured bacterium	77133	1;131567;2;48479;77133				cow rumen	true																							
KF009467	Uncultured bacterium clone 9015g-314 glycoside hydrolase 48 family protein (GH48) gene, partial cds.	uncultured bacterium	77133	1;131567;2;48479;77133				cow rumen	true																							
KF009468	Uncultured bacterium clone 9015g-315 glycoside hydrolase 48 family protein (GH48) gene, partial cds.	uncultured bacterium	77133	1;131567;2;48479;77133				cow rumen	true																							
KF009499	Uncultured bacterium clone 9015g-411 glycoside hydrolase 48 family protein (GH48) gene, partial cds.	uncultured bacterium	77133	1;131567;2;48479;77133				cow rumen	true																							
KF009060	Uncultured bacterium clone 9007C-113 glycoside hydrolase 48 family protein (GH48) gene, partial cds.	uncultured bacterium	77133	1;131567;2;48479;77133				cow rumen	true																							
KF009083	Uncultured bacterium clone 9007C-164 glycoside hydrolase 48 family protein (GH48) gene, partial cds.	uncultured bacterium	77133	1;131567;2;48479;77133				cow rumen	true																							
KF009085	Uncultured bacterium clone 9007C-171 glycoside hydrolase 48 family protein (GH48) gene, partial cds.	uncultured bacterium	77133	1;131567;2;48479;77133				cow rumen	true																							
KF009091	Uncultured bacterium clone 9007C-184 glycoside hydrolase 48 family protein (GH48) gene, partial cds.	uncultured bacterium	77133	1;131567;2;48479;77133				cow rumen	true																							
KF009096	Uncultured bacterium clone 9007C-52 glycoside hydrolase 48 family protein (GH48) gene, partial cds.	uncultured bacterium	77133	1;131567;2;48479;77133				cow rumen	true																							
KF009136	Uncultured bacterium clone 9007C-230 glycoside hydrolase 48 family protein (GH48) gene, partial cds.	uncultured bacterium	77133	1;131567;2;48479;77133				cow rumen	true																							
KF009165	Uncultured bacterium clone 9007g-24 glycoside hydrolase 48 family protein (GH48) gene, partial cds.	uncultured bacterium	77133	1;131567;2;48479;77133				cow rumen	true																							
KF009201	Uncultured bacterium clone 9007g-304 glycoside hydrolase 48 family protein (GH48) gene, partial cds.	uncultured bacterium	77133	1;131567;2;48479;77133				cow rumen	true																							
KF009211	Uncultured bacterium clone 9007g-393 glycoside hydrolase 48 family protein (GH48) gene, partial cds.	uncultured bacterium	77133	1;131567;2;48479;77133				cow rumen	true																							
KF009214	Uncultured bacterium clone 9007g-375 glycoside hydrolase 48 family protein (GH48) gene, partial cds.	uncultured bacterium	77133	1;131567;2;48479;77133				cow rumen	true																							
KF009220	Uncultured bacterium clone 9007g-309 glycoside hydrolase 48 family protein (GH48) gene, partial cds.	uncultured bacterium	77133	1;131567;2;48479;77133				cow rumen	true																							
KF009222	Uncultured bacterium clone 9007g-429 glycoside hydrolase 48 family protein (GH48) gene, partial cds.	uncultured bacterium	77133	1;131567;2;48479;77133				cow rumen	true																							
KF009227	Uncultured bacterium clone 9007g-501 glycoside hydrolase 48 family protein (GH48) gene, partial cds.	uncultured bacterium	77133	1;131567;2;48479;77133				cow rumen	true																							
KF009232	Uncultured bacterium clone 9007g-523 glycoside hydrolase 48 family protein (GH48) gene, partial cds.	uncultured bacterium	77133	1;131567;2;48479;77133				cow rumen	true																							
KF009243	Uncultured bacterium clone 9007g-637 glycoside hydrolase 48 family protein (GH48) gene, partial cds.	uncultured bacterium	77133	1;131567;2;48479;77133				cow rumen	true																							
KF009250	Uncultured bacterium clone 9007g-647 glycoside hydrolase 48 family protein (GH48) gene, partial cds.	uncultured bacterium	77133	1;131567;2;48479;77133				cow rumen	true																							
KF009267	Uncultured bacterium clone 9015C-314 glycoside hydrolase 48 family protein (GH48) gene, partial cds.	uncultured bacterium	77133	1;131567;2;48479;77133				cow rumen	true																							
KF009268	Uncultured bacterium clone 9015C-315 glycoside hydrolase 48 family protein (GH48) gene, partial cds.	uncultured bacterium	77133	1;131567;2;48479;77133				cow rumen	true																							
KF009272	Uncultured bacterium clone 9015C-321 glycoside hydrolase 48 family protein (GH48) gene, partial cds.	uncultured bacterium	77133	1;131567;2;48479;77133				cow rumen	true																							
KF009296	Uncultured bacterium clone 9015C-351 glycoside hydrolase 48 family protein (GH48) gene, partial cds.	uncultured bacterium	77133	1;131567;2;48479;77133				cow rumen	true																							
KF009298	Uncultured bacterium clone 9015C-415 glycoside hydrolase 48 family protein (GH48) gene, partial cds.	uncultured bacterium	77133	1;131567;2;48479;77133				cow rumen	true																							
KF009305	Uncultured bacterium clone 9015C-437 glycoside hydrolase 48 family protein (GH48) gene, partial cds.	uncultured bacterium	77133	1;131567;2;48479;77133				cow rumen	true																							
KF009368	Uncultured bacterium clone 9015C-603 glycoside hydrolase 48 family protein (GH48) gene, partial cds.	uncultured bacterium	77133	1;131567;2;48479;77133				cow rumen	true																							
KF009384	Uncultured bacterium clone 9015C-628 glycoside hydrolase 48 family protein (GH48) gene, partial cds.	uncultured bacterium	77133	1;131567;2;48479;77133				cow rumen	true																							
KF009410	Uncultured bacterium clone 9015g-204 glycoside hydrolase 48 family protein (GH48) gene, partial cds.	uncultured bacterium	77133	1;131567;2;48479;77133				cow rumen	true																							
KF009431	Uncultured bacterium clone 9015g-231 glycoside hydrolase 48 family protein (GH48) gene, partial cds.	uncultured bacterium	77133	1;131567;2;48479;77133				cow rumen	true																							
KF009477	Uncultured bacterium clone 9015g-330 glycoside hydrolase 48 family protein (GH48) gene, partial cds.	uncultured bacterium	77133	1;131567;2;48479;77133				cow rumen	true																							
KF009494	Uncultured bacterium clone 9015g-406 glycoside hydrolase 48 family protein (GH48) gene, partial cds.	uncultured bacterium	77133	1;131567;2;48479;77133				cow rumen	true																							
KF009502	Uncultured bacterium clone 9015g-414 glycoside hydrolase 48 family protein (GH48) gene, partial cds.	uncultured bacterium	77133	1;131567;2;48479;77133				cow rumen	true																							
KF009505	Uncultured bacterium clone 9015g-420 glycoside hydrolase 48 family protein (GH48) gene, partial cds.	uncultured bacterium	77133	1;131567;2;48479;77133				cow rumen	true																							
KX768672	Uncultured actinobacterium clone GH48_63-2mum_NPKM_1 glycoside hydrolase family 48 protein (GH48) gene, partial cds.	uncultured Actinomycetes bacterium	152507	1;131567;2;1783272;201174;1760;35766;152507	China			arable soil	true								20-Sep-2014	2014-09-19	2014-09-20													
KF009086	Uncultured bacterium clone 9007C-173 glycoside hydrolase 48 family protein (GH48) gene, partial cds.	uncultured bacterium	77133	1;131567;2;48479;77133				cow rumen	true																							
KF009433	Uncultured bacterium clone 9015g-233 glycoside hydrolase 48 family protein (GH48) gene, partial cds.	uncultured bacterium	77133	1;131567;2;48479;77133				cow rumen	true																							
KF009470	Uncultured bacterium clone 9015g-318 glycoside hydrolase 48 family protein (GH48) gene, partial cds.	uncultured bacterium	77133	1;131567;2;48479;77133				cow rumen	true																							
KX768667	Uncultured actinobacterium clone GH48_>2000mum_CK_12 glycoside hydrolase family 48 protein (GH48) gene, partial cds.	uncultured Actinomycetes bacterium	152507	1;131567;2;1783272;201174;1760;35766;152507	China			arable soil	true								20-Sep-2014	2014-09-19	2014-09-20													
KF009139	Uncultured bacterium clone 9007C-234 glycoside hydrolase 48 family protein (GH48) gene, partial cds.	uncultured bacterium	77133	1;131567;2;48479;77133				cow rumen	true																							
KF009326	Uncultured bacterium clone 9015C-520 glycoside hydrolase 48 family protein (GH48) gene, partial cds.	uncultured bacterium	77133	1;131567;2;48479;77133				cow rumen	true																							
KF009432	Uncultured bacterium clone 9015g-232 glycoside hydrolase 48 family protein (GH48) gene, partial cds.	uncultured bacterium	77133	1;131567;2;48479;77133				cow rumen	true																							
KX768682	Uncultured actinobacterium clone GH48_cell_200-63mum_NPKM_6 glycoside hydrolase family 48 protein (GH48) gene, partial cds.	uncultured Actinomycetes bacterium	152507	1;131567;2;1783272;201174;1760;35766;152507	China			arable soil	true								20-Sep-2014	2014-09-19	2014-09-20													
PV435877	Discocriconemella sp. c CCN-2025a isolate GH48 large subunit ribosomal RNA gene, partial sequence.	Discocriconemella sp. c CCN-2025a	3416227	1;131567;2759;33154;33208;6072;33213;33317;1206794;6231;119089;6236;6300;33283;211167;211168;211169;619193;2629714;3416227					false	forest							2024	2024-01-01	2024-12-31	GH48							ACC232_CZ06					
KX768678	Uncultured actinobacterium clone GH48_2-0.1mum_NPKM_16 glycoside hydrolase family 48 protein (GH48) gene, partial cds.	uncultured Actinomycetes bacterium	152507	1;131567;2;1783272;201174;1760;35766;152507	China			arable soil	true								20-Sep-2014	2014-09-19	2014-09-20													
KX768692	Uncultured actinobacterium clone GH48_cell_2-0.1mum_NPKM_6 glycoside hydrolase family 48 protein (GH48) gene, partial cds.	uncultured Actinomycetes bacterium	152507	1;131567;2;1783272;201174;1760;35766;152507	China			arable soil	true								20-Sep-2014	2014-09-19	2014-09-20													
KX768676	Uncultured actinobacterium clone GH48_2-0.1mum_NPK_7 glycoside hydrolase family 48 protein (GH48) gene, partial cds.	uncultured Actinomycetes bacterium	152507	1;131567;2;1783272;201174;1760;35766;152507	China			arable soil	true								20-Sep-2014	2014-09-19	2014-09-20													
AB557697	Ruminococcus albus cel48A gene for GH48 cellulase, complete cds.	Ruminococcus albus	1264	1;131567;2;1783272;1239;186801;186802;216572;1263;1264					false												F40											
FJ609194	Paramyxovirus bat/GH48/2008 polymerase (L) gene, partial cds.	Paramyxovirus bat/GH48/2008	589525	1;10239;2559587;2732396;2497569;2497570;2497574;11157;11158;336871;589525	Ghana				false	Eidolon helvum	77214						2008	2008-01-01	2008-12-31	BatPV/Eid.helv./GH48/2008												
AY856682	Hepatitis B virus isolate GH48 surface antigen (S) gene, partial cds.	Hepatitis B virus	10407	1;10239;2559587;2732397;2732409;2732514;2732515;10404;10405;3431302;10407	Ghana				false											GH48												
KR049174	Uncultured Herpetosiphon sp. clone HM02 cellulase GH48 (cel48) gene, partial cds.	uncultured Herpetosiphon sp.	290606	1;131567;2;1783272;200795;32061;189772;189773;64;290605;290606	China:Changbai Mountain Nature Reserve, Southeast			forest soil	true																							
AB301471	Bacillus amyloliquefaciens fus gene for elongation factor G, partial cds, strain: GH48.	Bacillus amyloliquefaciens	1390	1;131567;2;1783272;1239;91061;1385;186817;1386;653685;1938374;1390					false												GH48											
HM175849	Leptinotarsa decemlineata glycoside hydrolase family protein 48 (GH48-3) mRNA, complete cds.	Leptinotarsa decemlineata	7539	1;131567;2759;33154;33208;6072;33213;33317;1206794;88770;6656;197563;197562;6960;50557;85512;7496;33340;33392;7041;41084;41088;71528;27439;63707;63712;7538;7539					false			larva		midgut																		
AB301446	Bacillus amyloliquefaciens rpoB gene for RNA polymerase beta subunit, partial cds, strain: GH48.	Bacillus amyloliquefaciens	1390	1;131567;2;1783272;1239;91061;1385;186817;1386;653685;1938374;1390					false												GH48											
AY396911	HIV-1 strain S|GH48 from Ghana gag protein (gag) gene, partial cds.	Human immunodeficiency virus 1	11676	1;10239;2559587;2732397;2732409;2732514;2169561;11632;327045;1233735;11646;3418650;11676	Ghana				false												S|GH48											
AY397560	HIV-1 strain S|GH48 from Ghana envelope glycoprotein (env) gene, partial cds.	Human immunodeficiency virus 1	11676	1;10239;2559587;2732397;2732409;2732514;2169561;11632;327045;1233735;11646;3418650;11676	Ghana				false												S|GH48											
KX768666	Uncultured actinobacterium clone GH48_Bulk_CK_4 glycoside hydrolase family 48 protein (GH48) gene, partial cds.	uncultured Actinomycetes bacterium	152507	1;131567;2;1783272;201174;1760;35766;152507	China			arable soil	true								20-Sep-2014	2014-09-19	2014-09-20													
KF009058	Uncultured bacterium clone 9007C-106 glycoside hydrolase 48 family protein (GH48) gene, partial cds.	uncultured bacterium	77133	1;131567;2;48479;77133				cow rumen	true																							
KF009168	Uncultured bacterium clone 9007g-76 glycoside hydrolase 48 family protein (GH48) gene, partial cds.	uncultured bacterium	77133	1;131567;2;48479;77133				cow rumen	true																							
KF009215	Uncultured bacterium clone 9007g-395 glycoside hydrolase 48 family protein (GH48) gene, partial cds.	uncultured bacterium	77133	1;131567;2;48479;77133				cow rumen	true																							
KF009258	Uncultured bacterium clone 9015C-150 glycoside hydrolase 48 family protein (GH48) gene, partial cds.	uncultured bacterium	77133	1;131567;2;48479;77133				cow rumen	true																							
KF009319	Uncultured bacterium clone 9015C-510 glycoside hydrolase 48 family protein (GH48) gene, partial cds.	uncultured bacterium	77133	1;131567;2;48479;77133				cow rumen	true																							
KF009347	Uncultured bacterium clone 9015C-551 glycoside hydrolase 48 family protein (GH48) gene, partial cds.	uncultured bacterium	77133	1;131567;2;48479;77133				cow rumen	true																							
KF009353	Uncultured bacterium clone 9015C-557 glycoside hydrolase 48 family protein (GH48) gene, partial cds.	uncultured bacterium	77133	1;131567;2;48479;77133				cow rumen	true																							
KF009393	Uncultured bacterium clone 9015g-66 glycoside hydrolase 48 family protein (GH48) gene, partial cds.	uncultured bacterium	77133	1;131567;2;48479;77133				cow rumen	true																							
KF009405	Uncultured bacterium clone 9015g-115 glycoside hydrolase 48 family protein (GH48) gene, partial cds.	uncultured bacterium	77133	1;131567;2;48479;77133				cow rumen	true																							
KF009439	Uncultured bacterium clone 9015g-55 glycoside hydrolase 48 family protein (GH48) gene, partial cds.	uncultured bacterium	77133	1;131567;2;48479;77133				cow rumen	true																							
KF009464	Uncultured bacterium clone 9015g-311 glycoside hydrolase 48 family protein (GH48) gene, partial cds.	uncultured bacterium	77133	1;131567;2;48479;77133				cow rumen	true																							
KF009079	Uncultured bacterium clone 9007C-153 glycoside hydrolase 48 family protein (GH48) gene, partial cds.	uncultured bacterium	77133	1;131567;2;48479;77133				cow rumen	true																							
KF009087	Uncultured bacterium clone 9007C-174 glycoside hydrolase 48 family protein (GH48) gene, partial cds.	uncultured bacterium	77133	1;131567;2;48479;77133				cow rumen	true																							
KF009088	Uncultured bacterium clone 9007C-177 glycoside hydrolase 48 family protein (GH48) gene, partial cds.	uncultured bacterium	77133	1;131567;2;48479;77133				cow rumen	true																							
KF009097	Uncultured bacterium clone 9007C-54 glycoside hydrolase 48 family protein (GH48) gene, partial cds.	uncultured bacterium	77133	1;131567;2;48479;77133				cow rumen	true																							
KF009109	Uncultured bacterium clone 9007C-77 glycoside hydrolase 48 family protein (GH48) gene, partial cds.	uncultured bacterium	77133	1;131567;2;48479;77133				cow rumen	true																							
KF009113	Uncultured bacterium clone 9007C-92 glycoside hydrolase 48 family protein (GH48) gene, partial cds.	uncultured bacterium	77133	1;131567;2;48479;77133				cow rumen	true																							
KF009135	Uncultured bacterium clone 9007C-229 glycoside hydrolase 48 family protein (GH48) gene, partial cds.	uncultured bacterium	77133	1;131567;2;48479;77133				cow rumen	true																							
KF009154	Uncultured bacterium clone 9007C-262 glycoside hydrolase 48 family protein (GH48) gene, partial cds.	uncultured bacterium	77133	1;131567;2;48479;77133				cow rumen	true																							
KF009159	Uncultured bacterium clone 9007C-271 glycoside hydrolase 48 family protein (GH48) gene, partial cds.	uncultured bacterium	77133	1;131567;2;48479;77133				cow rumen	true																							
KF009179	Uncultured bacterium clone 9007g-132 glycoside hydrolase 48 family protein (GH48) gene, partial cds.	uncultured bacterium	77133	1;131567;2;48479;77133				cow rumen	true																							
KF009191	Uncultured bacterium clone 9007g-169 glycoside hydrolase 48 family protein (GH48) gene, partial cds.	uncultured bacterium	77133	1;131567;2;48479;77133				cow rumen	true																							
KF009194	Uncultured bacterium clone 9007g-265 glycoside hydrolase 48 family protein (GH48) gene, partial cds.	uncultured bacterium	77133	1;131567;2;48479;77133				cow rumen	true																							
KF009203	Uncultured bacterium clone 9007g-311 glycoside hydrolase 48 family protein (GH48) gene, partial cds.	uncultured bacterium	77133	1;131567;2;48479;77133				cow rumen	true																							
KF009204	Uncultured bacterium clone 9007g-314 glycoside hydrolase 48 family protein (GH48) gene, partial cds.	uncultured bacterium	77133	1;131567;2;48479;77133				cow rumen	true																							
KF009213	Uncultured bacterium clone 9007g-368 glycoside hydrolase 48 family protein (GH48) gene, partial cds.	uncultured bacterium	77133	1;131567;2;48479;77133				cow rumen	true																							
KF009230	Uncultured bacterium clone 9007g-513 glycoside hydrolase 48 family protein (GH48) gene, partial cds.	uncultured bacterium	77133	1;131567;2;48479;77133				cow rumen	true																							
KF009247	Uncultured bacterium clone 9007g-642 glycoside hydrolase 48 family protein (GH48) gene, partial cds.	uncultured bacterium	77133	1;131567;2;48479;77133				cow rumen	true																							
KF009266	Uncultured bacterium clone 9015C-313 glycoside hydrolase 48 family protein (GH48) gene, partial cds.	uncultured bacterium	77133	1;131567;2;48479;77133				cow rumen	true																							
KF009278	Uncultured bacterium clone 9015C-342 glycoside hydrolase 48 family protein (GH48) gene, partial cds.	uncultured bacterium	77133	1;131567;2;48479;77133				cow rumen	true																							
KF009297	Uncultured bacterium clone 9015C-403 glycoside hydrolase 48 family protein (GH48) gene, partial cds.	uncultured bacterium	77133	1;131567;2;48479;77133				cow rumen	true																							
KF009322	Uncultured bacterium clone 9015C-513 glycoside hydrolase 48 family protein (GH48) gene, partial cds.	uncultured bacterium	77133	1;131567;2;48479;77133				cow rumen	true																							
KF009327	Uncultured bacterium clone 9015C-521 glycoside hydrolase 48 family protein (GH48) gene, partial cds.	uncultured bacterium	77133	1;131567;2;48479;77133				cow rumen	true																							
KF009329	Uncultured bacterium clone 9015C-523 glycoside hydrolase 48 family protein (GH48) gene, partial cds.	uncultured bacterium	77133	1;131567;2;48479;77133				cow rumen	true																							
KF009341	Uncultured bacterium clone 9015C-543 glycoside hydrolase 48 family protein (GH48) gene, partial cds.	uncultured bacterium	77133	1;131567;2;48479;77133				cow rumen	true																							
KF009349	Uncultured bacterium clone 9015C-553 glycoside hydrolase 48 family protein (GH48) gene, partial cds.	uncultured bacterium	77133	1;131567;2;48479;77133				cow rumen	true																							
KF009350	Uncultured bacterium clone 9015C-554 glycoside hydrolase 48 family protein (GH48) gene, partial cds.	uncultured bacterium	77133	1;131567;2;48479;77133				cow rumen	true																							
KF009362	Uncultured bacterium clone 9015C-570 glycoside hydrolase 48 family protein (GH48) gene, partial cds.	uncultured bacterium	77133	1;131567;2;48479;77133				cow rumen	true																							
KF009370	Uncultured bacterium clone 9015C-606 glycoside hydrolase 48 family protein (GH48) gene, partial cds.	uncultured bacterium	77133	1;131567;2;48479;77133				cow rumen	true																							
KF009371	Uncultured bacterium clone 9015C-607 glycoside hydrolase 48 family protein (GH48) gene, partial cds.	uncultured bacterium	77133	1;131567;2;48479;77133				cow rumen	true																							
KF009372	Uncultured bacterium clone 9015C-612 glycoside hydrolase 48 family protein (GH48) gene, partial cds.	uncultured bacterium	77133	1;131567;2;48479;77133				cow rumen	true																							
KF009374	Uncultured bacterium clone 9015C-614 glycoside hydrolase 48 family protein (GH48) gene, partial cds.	uncultured bacterium	77133	1;131567;2;48479;77133				cow rumen	true																							
KF009386	Uncultured bacterium clone 9015g-8 glycoside hydrolase 48 family protein (GH48) gene, partial cds.	uncultured bacterium	77133	1;131567;2;48479;77133				cow rumen	true																							
KF009387	Uncultured bacterium clone 9015g-9 glycoside hydrolase 48 family protein (GH48) gene, partial cds.	uncultured bacterium	77133	1;131567;2;48479;77133				cow rumen	true																							
KF009398	Uncultured bacterium clone 9015g-103 glycoside hydrolase 48 family protein (GH48) gene, partial cds.	uncultured bacterium	77133	1;131567;2;48479;77133				cow rumen	true																							
KF009404	Uncultured bacterium clone 9015g-113 glycoside hydrolase 48 family protein (GH48) gene, partial cds.	uncultured bacterium	77133	1;131567;2;48479;77133				cow rumen	true																							
KF009408	Uncultured bacterium clone 9015g-130 glycoside hydrolase 48 family protein (GH48) gene, partial cds.	uncultured bacterium	77133	1;131567;2;48479;77133				cow rumen	true																							
KF009409	Uncultured bacterium clone 9015g-142 glycoside hydrolase 48 family protein (GH48) gene, partial cds.	uncultured bacterium	77133	1;131567;2;48479;77133				cow rumen	true																							
KF009416	Uncultured bacterium clone 9015g-212 glycoside hydrolase 48 family protein (GH48) gene, partial cds.	uncultured bacterium	77133	1;131567;2;48479;77133				cow rumen	true																							
KF009426	Uncultured bacterium clone 9015g-223 glycoside hydrolase 48 family protein (GH48) gene, partial cds.	uncultured bacterium	77133	1;131567;2;48479;77133				cow rumen	true																							
KF009436	Uncultured bacterium clone 9015g-237 glycoside hydrolase 48 family protein (GH48) gene, partial cds.	uncultured bacterium	77133	1;131567;2;48479;77133				cow rumen	true																							
KF009452	Uncultured bacterium clone 9015g-135 glycoside hydrolase 48 family protein (GH48) gene, partial cds.	uncultured bacterium	77133	1;131567;2;48479;77133				cow rumen	true																							
KF009469	Uncultured bacterium clone 9015g-317 glycoside hydrolase 48 family protein (GH48) gene, partial cds.	uncultured bacterium	77133	1;131567;2;48479;77133				cow rumen	true																							
KF009474	Uncultured bacterium clone 9015g-327 glycoside hydrolase 48 family protein (GH48) gene, partial cds.	uncultured bacterium	77133	1;131567;2;48479;77133				cow rumen	true																							
KF009483	Uncultured bacterium clone 9015g-60 glycoside hydrolase 48 family protein (GH48) gene, partial cds.	uncultured bacterium	77133	1;131567;2;48479;77133				cow rumen	true																							
KF009485	Uncultured bacterium clone 9015g-62 glycoside hydrolase 48 family protein (GH48) gene, partial cds.	uncultured bacterium	77133	1;131567;2;48479;77133				cow rumen	true																							
KF009488	Uncultured bacterium clone 9015g-69 glycoside hydrolase 48 family protein (GH48) gene, partial cds.	uncultured bacterium	77133	1;131567;2;48479;77133				cow rumen	true																							
KF009500	Uncultured bacterium clone 9015g-412 glycoside hydrolase 48 family protein (GH48) gene, partial cds.	uncultured bacterium	77133	1;131567;2;48479;77133				cow rumen	true																							
KX768689	Uncultured actinobacterium clone GH48_cell_63-2mum_NPK_9 glycoside hydrolase family 48 protein (GH48) gene, partial cds.	uncultured Actinomycetes bacterium	152507	1;131567;2;1783272;201174;1760;35766;152507	China			arable soil	true								20-Sep-2014	2014-09-19	2014-09-20													
KF009056	Uncultured bacterium clone 9007C-103 glycoside hydrolase 48 family protein (GH48) gene, partial cds.	uncultured bacterium	77133	1;131567;2;48479;77133				cow rumen	true																							
KF009062	Uncultured bacterium clone 9007C-117 glycoside hydrolase 48 family protein (GH48) gene, partial cds.	uncultured bacterium	77133	1;131567;2;48479;77133				cow rumen	true																							
KF009102	Uncultured bacterium clone 9007C-64 glycoside hydrolase 48 family protein (GH48) gene, partial cds.	uncultured bacterium	77133	1;131567;2;48479;77133				cow rumen	true																							
KF009158	Uncultured bacterium clone 9007C-270 glycoside hydrolase 48 family protein (GH48) gene, partial cds.	uncultured bacterium	77133	1;131567;2;48479;77133				cow rumen	true																							
KF009164	Uncultured bacterium clone 9007g-9 glycoside hydrolase 48 family protein (GH48) gene, partial cds.	uncultured bacterium	77133	1;131567;2;48479;77133				cow rumen	true																							
KF009180	Uncultured bacterium clone 9007g-142 glycoside hydrolase 48 family protein (GH48) gene, partial cds.	uncultured bacterium	77133	1;131567;2;48479;77133				cow rumen	true																							
KF009181	Uncultured bacterium clone 9007g-153 glycoside hydrolase 48 family protein (GH48) gene, partial cds.	uncultured bacterium	77133	1;131567;2;48479;77133				cow rumen	true																							
KF009196	Uncultured bacterium clone 9007g-279 glycoside hydrolase 48 family protein (GH48) gene, partial cds.	uncultured bacterium	77133	1;131567;2;48479;77133				cow rumen	true																							
KF009197	Uncultured bacterium clone 9007g-280 glycoside hydrolase 48 family protein (GH48) gene, partial cds.	uncultured bacterium	77133	1;131567;2;48479;77133				cow rumen	true																							
KF009262	Uncultured bacterium clone 9015C-306 glycoside hydrolase 48 family protein (GH48) gene, partial cds.	uncultured bacterium	77133	1;131567;2;48479;77133				cow rumen	true																							
KF009270	Uncultured bacterium clone 9015C-317 glycoside hydrolase 48 family protein (GH48) gene, partial cds.	uncultured bacterium	77133	1;131567;2;48479;77133				cow rumen	true																							
KF009292	Uncultured bacterium clone 9015C-323 glycoside hydrolase 48 family protein (GH48) gene, partial cds.	uncultured bacterium	77133	1;131567;2;48479;77133				cow rumen	true																							
KF009316	Uncultured bacterium clone 9015C-507 glycoside hydrolase 48 family protein (GH48) gene, partial cds.	uncultured bacterium	77133	1;131567;2;48479;77133				cow rumen	true																							
KF009337	Uncultured bacterium clone 9015C-533 glycoside hydrolase 48 family protein (GH48) gene, partial cds.	uncultured bacterium	77133	1;131567;2;48479;77133				cow rumen	true																							
KF009358	Uncultured bacterium clone 9015C-564 glycoside hydrolase 48 family protein (GH48) gene, partial cds.	uncultured bacterium	77133	1;131567;2;48479;77133				cow rumen	true																							
KF009383	Uncultured bacterium clone 9015C-626 glycoside hydrolase 48 family protein (GH48) gene, partial cds.	uncultured bacterium	77133	1;131567;2;48479;77133				cow rumen	true																							
KF009402	Uncultured bacterium clone 9015g-110 glycoside hydrolase 48 family protein (GH48) gene, partial cds.	uncultured bacterium	77133	1;131567;2;48479;77133				cow rumen	true																							
KF009434	Uncultured bacterium clone 9015g-234 glycoside hydrolase 48 family protein (GH48) gene, partial cds.	uncultured bacterium	77133	1;131567;2;48479;77133				cow rumen	true																							
KF009437	Uncultured bacterium clone 9015g-238 glycoside hydrolase 48 family protein (GH48) gene, partial cds.	uncultured bacterium	77133	1;131567;2;48479;77133				cow rumen	true																							
KF009438	Uncultured bacterium clone 9015g-24 glycoside hydrolase 48 family protein (GH48) gene, partial cds.	uncultured bacterium	77133	1;131567;2;48479;77133				cow rumen	true																							
KF009462	Uncultured bacterium clone 9015g-308 glycoside hydrolase 48 family protein (GH48) gene, partial cds.	uncultured bacterium	77133	1;131567;2;48479;77133				cow rumen	true																							
KF009489	Uncultured bacterium clone 9015g-401 glycoside hydrolase 48 family protein (GH48) gene, partial cds.	uncultured bacterium	77133	1;131567;2;48479;77133				cow rumen	true																							
KX768686	Uncultured actinobacterium clone GH48_cell_63-2mum_NPK_1 glycoside hydrolase family 48 protein (GH48) gene, partial cds.	uncultured Actinomycetes bacterium	152507	1;131567;2;1783272;201174;1760;35766;152507	China			arable soil	true								20-Sep-2014	2014-09-19	2014-09-20													
KX768687	Uncultured actinobacterium clone GH48_cell_63-2mum_NPK_7 glycoside hydrolase family 48 protein (GH48) gene, partial cds.	uncultured Actinomycetes bacterium	152507	1;131567;2;1783272;201174;1760;35766;152507	China			arable soil	true								20-Sep-2014	2014-09-19	2014-09-20													
KX768688	Uncultured actinobacterium clone GH48_cell_63-2mum_NPK_8 glycoside hydrolase family 48 protein (GH48) gene, partial cds.	uncultured Actinomycetes bacterium	152507	1;131567;2;1783272;201174;1760;35766;152507	China			arable soil	true								20-Sep-2014	2014-09-19	2014-09-20													
KF009352	Uncultured bacterium clone 9015C-556 glycoside hydrolase 48 family protein (GH48) gene, partial cds.	uncultured bacterium	77133	1;131567;2;48479;77133				cow rumen	true																							
KF009475	Uncultured bacterium clone 9015g-328 glycoside hydrolase 48 family protein (GH48) gene, partial cds.	uncultured bacterium	77133	1;131567;2;48479;77133				cow rumen	true																							
KF009492	Uncultured bacterium clone 9015g-404 glycoside hydrolase 48 family protein (GH48) gene, partial cds.	uncultured bacterium	77133	1;131567;2;48479;77133				cow rumen	true																							
KF009252	Uncultured bacterium clone 9007g-649 glycoside hydrolase 48 family protein (GH48) gene, partial cds.	uncultured bacterium	77133	1;131567;2;48479;77133				cow rumen	true																							
KF009451	Uncultured bacterium clone 9015g-134 glycoside hydrolase 48 family protein (GH48) gene, partial cds.	uncultured bacterium	77133	1;131567;2;48479;77133				cow rumen	true																							
KX768674	Uncultured actinobacterium clone GH48_2-0.1mum_NPK_1 glycoside hydrolase family 48 protein (GH48) gene, partial cds.	uncultured Actinomycetes bacterium	152507	1;131567;2;1783272;201174;1760;35766;152507	China			arable soil	true								20-Sep-2014	2014-09-19	2014-09-20													
KX768694	Uncultured actinobacterium clone GH48_cell_2-0.1mum_NPKM_14 glycoside hydrolase family 48 protein (GH48) gene, partial cds.	uncultured Actinomycetes bacterium	152507	1;131567;2;1783272;201174;1760;35766;152507	China			arable soil	true								20-Sep-2014	2014-09-19	2014-09-20													
KX768693	Uncultured actinobacterium clone GH48_cell_2-0.1mum_NPKM_12 glycoside hydrolase family 48 protein (GH48) gene, partial cds.	uncultured Actinomycetes bacterium	152507	1;131567;2;1783272;201174;1760;35766;152507	China			arable soil	true								20-Sep-2014	2014-09-19	2014-09-20													
MT186820	Uncultured bacterium clone S7 cellobiohydrolase (GH48) gene, complete cds.	uncultured bacterium	77133	1;131567;2;48479;77133	France			compost	true								29-May-2012	2012-05-28	2012-05-29													
HM175831	Gastrophysa viridula glycoside hydrolase family protein 48 (GH48-2) mRNA, complete cds.	Gastrophysa viridula	154015	1;131567;2759;33154;33208;6072;33213;33317;1206794;88770;6656;197563;197562;6960;50557;85512;7496;33340;33392;7041;41084;41088;71528;27439;63707;63708;154013;154015					false			larva		midgut																		
EF544546	Sigaus australis isolate GH48 cytochrome oxidase subunit I (COI) gene, partial cds mitochondrial.	Sigaus australis	461299	1;131567;2759;33154;33208;6072;33213;33317;1206794;88770;6656;197563;197562;6960;50557;85512;7496;33340;33341;6993;7001;1955150;70910;92621;7002;109883;461298;461299					false											GH48							AWCMEE GH48					
KF009070	Uncultured bacterium clone 9007C-137 glycoside hydrolase 48 family protein (GH48) gene, partial cds.	uncultured bacterium	77133	1;131567;2;48479;77133				cow rumen	true																							
KF009080	Uncultured bacterium clone 9007C-158 glycoside hydrolase 48 family protein (GH48) gene, partial cds.	uncultured bacterium	77133	1;131567;2;48479;77133				cow rumen	true																							
KF009130	Uncultured bacterium clone 9007C-219 glycoside hydrolase 48 family protein (GH48) gene, partial cds.	uncultured bacterium	77133	1;131567;2;48479;77133				cow rumen	true																							
KF009133	Uncultured bacterium clone 9007C-225 glycoside hydrolase 48 family protein (GH48) gene, partial cds.	uncultured bacterium	77133	1;131567;2;48479;77133				cow rumen	true																							
KF009169	Uncultured bacterium clone 9007g-78 glycoside hydrolase 48 family protein (GH48) gene, partial cds.	uncultured bacterium	77133	1;131567;2;48479;77133				cow rumen	true																							
KF009172	Uncultured bacterium clone 9007g-97 glycoside hydrolase 48 family protein (GH48) gene, partial cds.	uncultured bacterium	77133	1;131567;2;48479;77133				cow rumen	true																							
KF009189	Uncultured bacterium clone 9007g-213 glycoside hydrolase 48 family protein (GH48) gene, partial cds.	uncultured bacterium	77133	1;131567;2;48479;77133				cow rumen	true																							
KF009199	Uncultured bacterium clone 9007g-292 glycoside hydrolase 48 family protein (GH48) gene, partial cds.	uncultured bacterium	77133	1;131567;2;48479;77133				cow rumen	true																							
KF009293	Uncultured bacterium clone 9015C-340 glycoside hydrolase 48 family protein (GH48) gene, partial cds.	uncultured bacterium	77133	1;131567;2;48479;77133				cow rumen	true																							
KF009354	Uncultured bacterium clone 9015C-559 glycoside hydrolase 48 family protein (GH48) gene, partial cds.	uncultured bacterium	77133	1;131567;2;48479;77133				cow rumen	true																							
KF009364	Uncultured bacterium clone 9015C-574 glycoside hydrolase 48 family protein (GH48) gene, partial cds.	uncultured bacterium	77133	1;131567;2;48479;77133				cow rumen	true																							
KF009411	Uncultured bacterium clone 9015g-205 glycoside hydrolase 48 family protein (GH48) gene, partial cds.	uncultured bacterium	77133	1;131567;2;48479;77133				cow rumen	true																							
KF009413	Uncultured bacterium clone 9015g-207 glycoside hydrolase 48 family protein (GH48) gene, partial cds.	uncultured bacterium	77133	1;131567;2;48479;77133				cow rumen	true																							
KF009418	Uncultured bacterium clone 9015g-214 glycoside hydrolase 48 family protein (GH48) gene, partial cds.	uncultured bacterium	77133	1;131567;2;48479;77133				cow rumen	true																							
KF009484	Uncultured bacterium clone 9015g-61 glycoside hydrolase 48 family protein (GH48) gene, partial cds.	uncultured bacterium	77133	1;131567;2;48479;77133				cow rumen	true																							
KF009486	Uncultured bacterium clone 9015g-65 glycoside hydrolase 48 family protein (GH48) gene, partial cds.	uncultured bacterium	77133	1;131567;2;48479;77133				cow rumen	true																							
KF009501	Uncultured bacterium clone 9015g-413 glycoside hydrolase 48 family protein (GH48) gene, partial cds.	uncultured bacterium	77133	1;131567;2;48479;77133				cow rumen	true																							
KX768668	Uncultured actinobacterium clone GH48_>2000mum_NPK_4 glycoside hydrolase family 48 protein (GH48) gene, partial cds.	uncultured Actinomycetes bacterium	152507	1;131567;2;1783272;201174;1760;35766;152507	China			arable soil	true								20-Sep-2014	2014-09-19	2014-09-20													
KF009057	Uncultured bacterium clone 9007C-105 glycoside hydrolase 48 family protein (GH48) gene, partial cds.	uncultured bacterium	77133	1;131567;2;48479;77133				cow rumen	true																							
KF009063	Uncultured bacterium clone 9007C-118 glycoside hydrolase 48 family protein (GH48) gene, partial cds.	uncultured bacterium	77133	1;131567;2;48479;77133				cow rumen	true																							
KF009064	Uncultured bacterium clone 9007C-122 glycoside hydrolase 48 family protein (GH48) gene, partial cds.	uncultured bacterium	77133	1;131567;2;48479;77133				cow rumen	true																							
KF009069	Uncultured bacterium clone 9007C-133 glycoside hydrolase 48 family protein (GH48) gene, partial cds.	uncultured bacterium	77133	1;131567;2;48479;77133				cow rumen	true																							
KF009078	Uncultured bacterium clone 9007C-151 glycoside hydrolase 48 family protein (GH48) gene, partial cds.	uncultured bacterium	77133	1;131567;2;48479;77133				cow rumen	true																							
KF009084	Uncultured bacterium clone 9007C-169 glycoside hydrolase 48 family protein (GH48) gene, partial cds.	uncultured bacterium	77133	1;131567;2;48479;77133				cow rumen	true																							
KF009106	Uncultured bacterium clone 9007C-73 glycoside hydrolase 48 family protein (GH48) gene, partial cds.	uncultured bacterium	77133	1;131567;2;48479;77133				cow rumen	true																							
KF009110	Uncultured bacterium clone 9007C-78 glycoside hydrolase 48 family protein (GH48) gene, partial cds.	uncultured bacterium	77133	1;131567;2;48479;77133				cow rumen	true																							
KF009111	Uncultured bacterium clone 9007C-79 glycoside hydrolase 48 family protein (GH48) gene, partial cds.	uncultured bacterium	77133	1;131567;2;48479;77133				cow rumen	true																							
KF009119	Uncultured bacterium clone 9007C-207 glycoside hydrolase 48 family protein (GH48) gene, partial cds.	uncultured bacterium	77133	1;131567;2;48479;77133				cow rumen	true																							
KF009124	Uncultured bacterium clone 9007C-213 glycoside hydrolase 48 family protein (GH48) gene, partial cds.	uncultured bacterium	77133	1;131567;2;48479;77133				cow rumen	true																							
KF009126	Uncultured bacterium clone 9007C-215 glycoside hydrolase 48 family protein (GH48) gene, partial cds.	uncultured bacterium	77133	1;131567;2;48479;77133				cow rumen	true																							
KF009129	Uncultured bacterium clone 9007C-218 glycoside hydrolase 48 family protein (GH48) gene, partial cds.	uncultured bacterium	77133	1;131567;2;48479;77133				cow rumen	true																							
KF009142	Uncultured bacterium clone 9007C-242 glycoside hydrolase 48 family protein (GH48) gene, partial cds.	uncultured bacterium	77133	1;131567;2;48479;77133				cow rumen	true																							
KF009143	Uncultured bacterium clone 9007C-245 glycoside hydrolase 48 family protein (GH48) gene, partial cds.	uncultured bacterium	77133	1;131567;2;48479;77133				cow rumen	true																							
KF009151	Uncultured bacterium clone 9007C-258 glycoside hydrolase 48 family protein (GH48) gene, partial cds.	uncultured bacterium	77133	1;131567;2;48479;77133				cow rumen	true																							
KF009161	Uncultured bacterium clone 9007g-11 glycoside hydrolase 48 family protein (GH48) gene, partial cds.	uncultured bacterium	77133	1;131567;2;48479;77133				cow rumen	true																							
KF009178	Uncultured bacterium clone 9007g-131 glycoside hydrolase 48 family protein (GH48) gene, partial cds.	uncultured bacterium	77133	1;131567;2;48479;77133				cow rumen	true																							
KF009195	Uncultured bacterium clone 9007g-275 glycoside hydrolase 48 family protein (GH48) gene, partial cds.	uncultured bacterium	77133	1;131567;2;48479;77133				cow rumen	true																							
KF009208	Uncultured bacterium clone 9007g-332 glycoside hydrolase 48 family protein (GH48) gene, partial cds.	uncultured bacterium	77133	1;131567;2;48479;77133				cow rumen	true																							
KF009216	Uncultured bacterium clone 9007g-403 glycoside hydrolase 48 family protein (GH48) gene, partial cds.	uncultured bacterium	77133	1;131567;2;48479;77133				cow rumen	true																							
KF009237	Uncultured bacterium clone 9007g-602 glycoside hydrolase 48 family protein (GH48) gene, partial cds.	uncultured bacterium	77133	1;131567;2;48479;77133				cow rumen	true																							
KF009257	Uncultured bacterium clone 9015C-142 glycoside hydrolase 48 family protein (GH48) gene, partial cds.	uncultured bacterium	77133	1;131567;2;48479;77133				cow rumen	true																							
KF009259	Uncultured bacterium clone 9015C-154 glycoside hydrolase 48 family protein (GH48) gene, partial cds.	uncultured bacterium	77133	1;131567;2;48479;77133				cow rumen	true																							
KF009260	Uncultured bacterium clone 9015C-214 glycoside hydrolase 48 family protein (GH48) gene, partial cds.	uncultured bacterium	77133	1;131567;2;48479;77133				cow rumen	true																							
KF009263	Uncultured bacterium clone 9015C-307 glycoside hydrolase 48 family protein (GH48) gene, partial cds.	uncultured bacterium	77133	1;131567;2;48479;77133				cow rumen	true																							
KF009274	Uncultured bacterium clone 9015C-325 glycoside hydrolase 48 family protein (GH48) gene, partial cds.	uncultured bacterium	77133	1;131567;2;48479;77133				cow rumen	true																							
KF009275	Uncultured bacterium clone 9015C-330 glycoside hydrolase 48 family protein (GH48) gene, partial cds.	uncultured bacterium	77133	1;131567;2;48479;77133				cow rumen	true																							
KF009277	Uncultured bacterium clone 9015C-333 glycoside hydrolase 48 family protein (GH48) gene, partial cds.	uncultured bacterium	77133	1;131567;2;48479;77133				cow rumen	true																							
KF009281	Uncultured bacterium clone 9015C-350 glycoside hydrolase 48 family protein (GH48) gene, partial cds.	uncultured bacterium	77133	1;131567;2;48479;77133				cow rumen	true																							
KF009285	Uncultured bacterium clone 9015C-357 glycoside hydrolase 48 family protein (GH48) gene, partial cds.	uncultured bacterium	77133	1;131567;2;48479;77133				cow rumen	true																							
KF009288	Uncultured bacterium clone 9015C-402 glycoside hydrolase 48 family protein (GH48) gene, partial cds.	uncultured bacterium	77133	1;131567;2;48479;77133				cow rumen	true																							
KF009290	Uncultured bacterium clone 9015C-319 glycoside hydrolase 48 family protein (GH48) gene, partial cds.	uncultured bacterium	77133	1;131567;2;48479;77133				cow rumen	true																							
KF009299	Uncultured bacterium clone 9015C-416 glycoside hydrolase 48 family protein (GH48) gene, partial cds.	uncultured bacterium	77133	1;131567;2;48479;77133				cow rumen	true																							
KF009301	Uncultured bacterium clone 9015C-420 glycoside hydrolase 48 family protein (GH48) gene, partial cds.	uncultured bacterium	77133	1;131567;2;48479;77133				cow rumen	true																							
KF009302	Uncultured bacterium clone 9015C-423 glycoside hydrolase 48 family protein (GH48) gene, partial cds.	uncultured bacterium	77133	1;131567;2;48479;77133				cow rumen	true																							
KF009311	Uncultured bacterium clone 9015C-501 glycoside hydrolase 48 family protein (GH48) gene, partial cds.	uncultured bacterium	77133	1;131567;2;48479;77133				cow rumen	true																							
KF009312	Uncultured bacterium clone 9015C-502 glycoside hydrolase 48 family protein (GH48) gene, partial cds.	uncultured bacterium	77133	1;131567;2;48479;77133				cow rumen	true																							
KF009333	Uncultured bacterium clone 9015C-527 glycoside hydrolase 48 family protein (GH48) gene, partial cds.	uncultured bacterium	77133	1;131567;2;48479;77133				cow rumen	true																							
KF009334	Uncultured bacterium clone 9015C-528 glycoside hydrolase 48 family protein (GH48) gene, partial cds.	uncultured bacterium	77133	1;131567;2;48479;77133				cow rumen	true																							
KF009336	Uncultured bacterium clone 9015C-532 glycoside hydrolase 48 family protein (GH48) gene, partial cds.	uncultured bacterium	77133	1;131567;2;48479;77133				cow rumen	true																							
KF009340	Uncultured bacterium clone 9015C-542 glycoside hydrolase 48 family protein (GH48) gene, partial cds.	uncultured bacterium	77133	1;131567;2;48479;77133				cow rumen	true																							
KF009343	Uncultured bacterium clone 9015C-545 glycoside hydrolase 48 family protein (GH48) gene, partial cds.	uncultured bacterium	77133	1;131567;2;48479;77133				cow rumen	true																							
KF009351	Uncultured bacterium clone 9015C-555 glycoside hydrolase 48 family protein (GH48) gene, partial cds.	uncultured bacterium	77133	1;131567;2;48479;77133				cow rumen	true																							
KF009356	Uncultured bacterium clone 9015C-562 glycoside hydrolase 48 family protein (GH48) gene, partial cds.	uncultured bacterium	77133	1;131567;2;48479;77133				cow rumen	true																							
KF009357	Uncultured bacterium clone 9015C-563 glycoside hydrolase 48 family protein (GH48) gene, partial cds.	uncultured bacterium	77133	1;131567;2;48479;77133				cow rumen	true																							
KF009359	Uncultured bacterium clone 9015C-567 glycoside hydrolase 48 family protein (GH48) gene, partial cds.	uncultured bacterium	77133	1;131567;2;48479;77133				cow rumen	true																							
KF009361	Uncultured bacterium clone 9015C-569 glycoside hydrolase 48 family protein (GH48) gene, partial cds.	uncultured bacterium	77133	1;131567;2;48479;77133				cow rumen	true																							
KF009363	Uncultured bacterium clone 9015C-571 glycoside hydrolase 48 family protein (GH48) gene, partial cds.	uncultured bacterium	77133	1;131567;2;48479;77133				cow rumen	true																							
KF009367	Uncultured bacterium clone 9015C-602 glycoside hydrolase 48 family protein (GH48) gene, partial cds.	uncultured bacterium	77133	1;131567;2;48479;77133				cow rumen	true																							
KF009373	Uncultured bacterium clone 9015C-613 glycoside hydrolase 48 family protein (GH48) gene, partial cds.	uncultured bacterium	77133	1;131567;2;48479;77133				cow rumen	true																							
KF009375	Uncultured bacterium clone 9015C-615 glycoside hydrolase 48 family protein (GH48) gene, partial cds.	uncultured bacterium	77133	1;131567;2;48479;77133				cow rumen	true																							
KF009385	Uncultured bacterium clone 9015g-6 glycoside hydrolase 48 family protein (GH48) gene, partial cds.	uncultured bacterium	77133	1;131567;2;48479;77133				cow rumen	true																							
KF009389	Uncultured bacterium clone 9015g-17 glycoside hydrolase 48 family protein (GH48) gene, partial cds.	uncultured bacterium	77133	1;131567;2;48479;77133				cow rumen	true																							
KF009394	Uncultured bacterium clone 9015g-68 glycoside hydrolase 48 family protein (GH48) gene, partial cds.	uncultured bacterium	77133	1;131567;2;48479;77133				cow rumen	true																							
KF009401	Uncultured bacterium clone 9015g-108 glycoside hydrolase 48 family protein (GH48) gene, partial cds.	uncultured bacterium	77133	1;131567;2;48479;77133				cow rumen	true																							
KF009403	Uncultured bacterium clone 9015g-111 glycoside hydrolase 48 family protein (GH48) gene, partial cds.	uncultured bacterium	77133	1;131567;2;48479;77133				cow rumen	true																							
KF009414	Uncultured bacterium clone 9015g-210 glycoside hydrolase 48 family protein (GH48) gene, partial cds.	uncultured bacterium	77133	1;131567;2;48479;77133				cow rumen	true																							
KF009428	Uncultured bacterium clone 9015g-225 glycoside hydrolase 48 family protein (GH48) gene, partial cds.	uncultured bacterium	77133	1;131567;2;48479;77133				cow rumen	true																							
KF009444	Uncultured bacterium clone 9015g-123 glycoside hydrolase 48 family protein (GH48) gene, partial cds.	uncultured bacterium	77133	1;131567;2;48479;77133				cow rumen	true																							
KF009447	Uncultured bacterium clone 9015g-127 glycoside hydrolase 48 family protein (GH48) gene, partial cds.	uncultured bacterium	77133	1;131567;2;48479;77133				cow rumen	true																							
KF009454	Uncultured bacterium clone 9015g-137 glycoside hydrolase 48 family protein (GH48) gene, partial cds.	uncultured bacterium	77133	1;131567;2;48479;77133				cow rumen	true																							
KF009455	Uncultured bacterium clone 9015g-139 glycoside hydrolase 48 family protein (GH48) gene, partial cds.	uncultured bacterium	77133	1;131567;2;48479;77133				cow rumen	true																							
KF009457	Uncultured bacterium clone 9015g-141 glycoside hydrolase 48 family protein (GH48) gene, partial cds.	uncultured bacterium	77133	1;131567;2;48479;77133				cow rumen	true																							
KF009461	Uncultured bacterium clone 9015g-305 glycoside hydrolase 48 family protein (GH48) gene, partial cds.	uncultured bacterium	77133	1;131567;2;48479;77133				cow rumen	true																							
KF009465	Uncultured bacterium clone 9015g-312 glycoside hydrolase 48 family protein (GH48) gene, partial cds.	uncultured bacterium	77133	1;131567;2;48479;77133				cow rumen	true																							
KF009466	Uncultured bacterium clone 9015g-313 glycoside hydrolase 48 family protein (GH48) gene, partial cds.	uncultured bacterium	77133	1;131567;2;48479;77133				cow rumen	true																							
KF009481	Uncultured bacterium clone 9015g-57 glycoside hydrolase 48 family protein (GH48) gene, partial cds.	uncultured bacterium	77133	1;131567;2;48479;77133				cow rumen	true																							
KF009498	Uncultured bacterium clone 9015g-410 glycoside hydrolase 48 family protein (GH48) gene, partial cds.	uncultured bacterium	77133	1;131567;2;48479;77133				cow rumen	true																							
KF009503	Uncultured bacterium clone 9015g-417 glycoside hydrolase 48 family protein (GH48) gene, partial cds.	uncultured bacterium	77133	1;131567;2;48479;77133				cow rumen	true																							
KF009504	Uncultured bacterium clone 9015g-418 glycoside hydrolase 48 family protein (GH48) gene, partial cds.	uncultured bacterium	77133	1;131567;2;48479;77133				cow rumen	true																							
KX768680	Uncultured actinobacterium clone GH48_cell_200-63mum_CK_7 glycoside hydrolase family 48 protein (GH48) gene, partial cds.	uncultured Actinomycetes bacterium	152507	1;131567;2;1783272;201174;1760;35766;152507	China			arable soil	true								20-Sep-2014	2014-09-19	2014-09-20													
KF009116	Uncultured bacterium clone 9007C-201 glycoside hydrolase 48 family protein (GH48) gene, partial cds.	uncultured bacterium	77133	1;131567;2;48479;77133				cow rumen	true																							
KF009074	Uncultured bacterium clone 9007C-147 glycoside hydrolase 48 family protein (GH48) gene, partial cds.	uncultured bacterium	77133	1;131567;2;48479;77133				cow rumen	true																							
KF009123	Uncultured bacterium clone 9007C-212 glycoside hydrolase 48 family protein (GH48) gene, partial cds.	uncultured bacterium	77133	1;131567;2;48479;77133				cow rumen	true																							
KF009166	Uncultured bacterium clone 9007g-67 glycoside hydrolase 48 family protein (GH48) gene, partial cds.	uncultured bacterium	77133	1;131567;2;48479;77133				cow rumen	true																							
KF009183	Uncultured bacterium clone 9007g-243 glycoside hydrolase 48 family protein (GH48) gene, partial cds.	uncultured bacterium	77133	1;131567;2;48479;77133				cow rumen	true																							
KF009185	Uncultured bacterium clone 9007g-208 glycoside hydrolase 48 family protein (GH48) gene, partial cds.	uncultured bacterium	77133	1;131567;2;48479;77133				cow rumen	true																							
KF009246	Uncultured bacterium clone 9007g-641 glycoside hydrolase 48 family protein (GH48) gene, partial cds.	uncultured bacterium	77133	1;131567;2;48479;77133				cow rumen	true																							
KF009300	Uncultured bacterium clone 9015C-419 glycoside hydrolase 48 family protein (GH48) gene, partial cds.	uncultured bacterium	77133	1;131567;2;48479;77133				cow rumen	true																							
KF009310	Uncultured bacterium clone 9015C-344 glycoside hydrolase 48 family protein (GH48) gene, partial cds.	uncultured bacterium	77133	1;131567;2;48479;77133				cow rumen	true																							
KF009313	Uncultured bacterium clone 9015C-503 glycoside hydrolase 48 family protein (GH48) gene, partial cds.	uncultured bacterium	77133	1;131567;2;48479;77133				cow rumen	true																							
KF009323	Uncultured bacterium clone 9015C-514 glycoside hydrolase 48 family protein (GH48) gene, partial cds.	uncultured bacterium	77133	1;131567;2;48479;77133				cow rumen	true																							
KF009346	Uncultured bacterium clone 9015C-549 glycoside hydrolase 48 family protein (GH48) gene, partial cds.	uncultured bacterium	77133	1;131567;2;48479;77133				cow rumen	true																							
KF009421	Uncultured bacterium clone 9015g-218 glycoside hydrolase 48 family protein (GH48) gene, partial cds.	uncultured bacterium	77133	1;131567;2;48479;77133				cow rumen	true																							
KF009442	Uncultured bacterium clone 9015g-120 glycoside hydrolase 48 family protein (GH48) gene, partial cds.	uncultured bacterium	77133	1;131567;2;48479;77133				cow rumen	true																							
KF009472	Uncultured bacterium clone 9015g-322 glycoside hydrolase 48 family protein (GH48) gene, partial cds.	uncultured bacterium	77133	1;131567;2;48479;77133				cow rumen	true																							
KX768683	Uncultured actinobacterium clone GH48_cell_200-63mum_NPKM_22 glycoside hydrolase family 48 protein (GH48) gene, partial cds.	uncultured Actinomycetes bacterium	152507	1;131567;2;1783272;201174;1760;35766;152507	China			arable soil	true								20-Sep-2014	2014-09-19	2014-09-20													
KF009187	Uncultured bacterium clone 9007g-155 glycoside hydrolase 48 family protein (GH48) gene, partial cds.	uncultured bacterium	77133	1;131567;2;48479;77133				cow rumen	true																							
KF009289	Uncultured bacterium clone 9015C-414 glycoside hydrolase 48 family protein (GH48) gene, partial cds.	uncultured bacterium	77133	1;131567;2;48479;77133				cow rumen	true																							
KF009427	Uncultured bacterium clone 9015g-224 glycoside hydrolase 48 family protein (GH48) gene, partial cds.	uncultured bacterium	77133	1;131567;2;48479;77133				cow rumen	true																							
KF009446	Uncultured bacterium clone 9015g-126 glycoside hydrolase 48 family protein (GH48) gene, partial cds.	uncultured bacterium	77133	1;131567;2;48479;77133				cow rumen	true																							
KX768677	Uncultured actinobacterium clone GH48_2-0.1mum_NPK_8 glycoside hydrolase family 48 protein (GH48) gene, partial cds.	uncultured Actinomycetes bacterium	152507	1;131567;2;1783272;201174;1760;35766;152507	China			arable soil	true								20-Sep-2014	2014-09-19	2014-09-20													
KX768691	Uncultured actinobacterium clone GH48_cell_2-0.1mum_NPK_1 glycoside hydrolase family 48 protein (GH48) gene, partial cds.	uncultured Actinomycetes bacterium	152507	1;131567;2;1783272;201174;1760;35766;152507	China			arable soil	true								20-Sep-2014	2014-09-19	2014-09-20													
KX768695	Uncultured actinobacterium clone GH48_cell_2-0.1mum_NPKM_15 glycoside hydrolase family 48 protein (GH48) gene, partial cds.	uncultured Actinomycetes bacterium	152507	1;131567;2;1783272;201174;1760;35766;152507	China			arable soil	true								20-Sep-2014	2014-09-19	2014-09-20													
KR049173	Uncultured Herpetosiphon sp. clone HM01 cellulase GH48 (cel48) gene, partial cds.	uncultured Herpetosiphon sp.	290606	1;131567;2;1783272;200795;32061;189772;189773;64;290605;290606	China:Changbai Mountain Nature Reserve, Southeast			forest soil	true																							
EU912494	Mucilaginibacter sp. Gh48 methanol dehydrogenase alpha subunit (mxaF) gene, partial cds.	Mucilaginibacter sp. Gh48	582682	1;131567;2;3379134;1783270;68336;976;117747;200666;84566;423349;2617802;582682					false	Gossypium hirsutum	3635					M. Madhaiyan	09-Mar-2002	2002-03-09	2002-03-09		Gh48											
HM175830	Gastrophysa viridula glycoside hydrolase family protein 48 (GH48-1) mRNA, complete cds.	Gastrophysa viridula	154015	1;131567;2759;33154;33208;6072;33213;33317;1206794;88770;6656;197563;197562;6960;50557;85512;7496;33340;33392;7041;41084;41088;71528;27439;63707;63708;154013;154015					false			larva		midgut																		
HM175847	Leptinotarsa decemlineata glycoside hydrolase family protein 48 (GH48-1) mRNA, complete cds.	Leptinotarsa decemlineata	7539	1;131567;2759;33154;33208;6072;33213;33317;1206794;88770;6656;197563;197562;6960;50557;85512;7496;33340;33392;7041;41084;41088;71528;27439;63707;63712;7538;7539					false			larva		midgut																		
HM175848	Leptinotarsa decemlineata glycoside hydrolase family protein 48 (GH48-2) mRNA, complete cds.	Leptinotarsa decemlineata	7539	1;131567;2759;33154;33208;6072;33213;33317;1206794;88770;6656;197563;197562;6960;50557;85512;7496;33340;33392;7041;41084;41088;71528;27439;63707;63712;7538;7539					false			larva		midgut																		
OQ200612	Rice yellow mottle virus isolate Gh48 coat protein (CP) gene, complete cds.	Rice yellow mottle virus	31744	1;10239;2559587;2732396;2732408;2732506;2732553;2169577;12137;3432506;31744	Ghana				false	Oryza sativa	4530						2010	2010-01-01	2010-12-31	Gh48												
AY397198	HIV-1 strain S|GH48 from Ghana pol protein (pol) gene, partial cds.	Human immunodeficiency virus 1	11676	1;10239;2559587;2732397;2732409;2732514;2169561;11632;327045;1233735;11646;3418650;11676	Ghana				false												S|GH48											
KF009066	Uncultured bacterium clone 9007C-127 glycoside hydrolase 48 family protein (GH48) gene, partial cds.	uncultured bacterium	77133	1;131567;2;48479;77133				cow rumen	true																							
KF009105	Uncultured bacterium clone 9007C-69 glycoside hydrolase 48 family protein (GH48) gene, partial cds.	uncultured bacterium	77133	1;131567;2;48479;77133				cow rumen	true																							
KF009128	Uncultured bacterium clone 9007C-217 glycoside hydrolase 48 family protein (GH48) gene, partial cds.	uncultured bacterium	77133	1;131567;2;48479;77133				cow rumen	true																							
KF009153	Uncultured bacterium clone 9007C-261 glycoside hydrolase 48 family protein (GH48) gene, partial cds.	uncultured bacterium	77133	1;131567;2;48479;77133				cow rumen	true																							
KF009224	Uncultured bacterium clone 9007g-438 glycoside hydrolase 48 family protein (GH48) gene, partial cds.	uncultured bacterium	77133	1;131567;2;48479;77133				cow rumen	true																							
KF009261	Uncultured bacterium clone 9015C-304 glycoside hydrolase 48 family protein (GH48) gene, partial cds.	uncultured bacterium	77133	1;131567;2;48479;77133				cow rumen	true																							
KF009294	Uncultured bacterium clone 9015C-341 glycoside hydrolase 48 family protein (GH48) gene, partial cds.	uncultured bacterium	77133	1;131567;2;48479;77133				cow rumen	true																							
KF009306	Uncultured bacterium clone 9015C-441 glycoside hydrolase 48 family protein (GH48) gene, partial cds.	uncultured bacterium	77133	1;131567;2;48479;77133				cow rumen	true																							
KF009342	Uncultured bacterium clone 9015C-544 glycoside hydrolase 48 family protein (GH48) gene, partial cds.	uncultured bacterium	77133	1;131567;2;48479;77133				cow rumen	true																							
KF009376	Uncultured bacterium clone 9015C-616 glycoside hydrolase 48 family protein (GH48) gene, partial cds.	uncultured bacterium	77133	1;131567;2;48479;77133				cow rumen	true																							
KF009487	Uncultured bacterium clone 9015g-67 glycoside hydrolase 48 family protein (GH48) gene, partial cds.	uncultured bacterium	77133	1;131567;2;48479;77133				cow rumen	true																							
KF009495	Uncultured bacterium clone 9015g-407 glycoside hydrolase 48 family protein (GH48) gene, partial cds.	uncultured bacterium	77133	1;131567;2;48479;77133				cow rumen	true																							
KF009496	Uncultured bacterium clone 9015g-408 glycoside hydrolase 48 family protein (GH48) gene, partial cds.	uncultured bacterium	77133	1;131567;2;48479;77133				cow rumen	true																							
KF009082	Uncultured bacterium clone 9007C-163 glycoside hydrolase 48 family protein (GH48) gene, partial cds.	uncultured bacterium	77133	1;131567;2;48479;77133				cow rumen	true																							
KF009101	Uncultured bacterium clone 9007C-63 glycoside hydrolase 48 family protein (GH48) gene, partial cds.	uncultured bacterium	77133	1;131567;2;48479;77133				cow rumen	true																							
KF009115	Uncultured bacterium clone 9007C-96 glycoside hydrolase 48 family protein (GH48) gene, partial cds.	uncultured bacterium	77133	1;131567;2;48479;77133				cow rumen	true																							
KF009118	Uncultured bacterium clone 9007C-205 glycoside hydrolase 48 family protein (GH48) gene, partial cds.	uncultured bacterium	77133	1;131567;2;48479;77133				cow rumen	true																							
KF009137	Uncultured bacterium clone 9007C-231 glycoside hydrolase 48 family protein (GH48) gene, partial cds.	uncultured bacterium	77133	1;131567;2;48479;77133				cow rumen	true																							
KF009140	Uncultured bacterium clone 9007C-236 glycoside hydrolase 48 family protein (GH48) gene, partial cds.	uncultured bacterium	77133	1;131567;2;48479;77133				cow rumen	true																							
KF009146	Uncultured bacterium clone 9007C-248 glycoside hydrolase 48 family protein (GH48) gene, partial cds.	uncultured bacterium	77133	1;131567;2;48479;77133				cow rumen	true																							
KF009149	Uncultured bacterium clone 9007C-256 glycoside hydrolase 48 family protein (GH48) gene, partial cds.	uncultured bacterium	77133	1;131567;2;48479;77133				cow rumen	true																							
KF009152	Uncultured bacterium clone 9007C-259 glycoside hydrolase 48 family protein (GH48) gene, partial cds.	uncultured bacterium	77133	1;131567;2;48479;77133				cow rumen	true																							
KF009190	Uncultured bacterium clone 9007g-178 glycoside hydrolase 48 family protein (GH48) gene, partial cds.	uncultured bacterium	77133	1;131567;2;48479;77133				cow rumen	true																							
KF009202	Uncultured bacterium clone 9007g-308 glycoside hydrolase 48 family protein (GH48) gene, partial cds.	uncultured bacterium	77133	1;131567;2;48479;77133				cow rumen	true																							
KF009210	Uncultured bacterium clone 9007g-385 glycoside hydrolase 48 family protein (GH48) gene, partial cds.	uncultured bacterium	77133	1;131567;2;48479;77133				cow rumen	true																							
KF009219	Uncultured bacterium clone 9007g-407 glycoside hydrolase 48 family protein (GH48) gene, partial cds.	uncultured bacterium	77133	1;131567;2;48479;77133				cow rumen	true																							
KF009225	Uncultured bacterium clone 9007g-441 glycoside hydrolase 48 family protein (GH48) gene, partial cds.	uncultured bacterium	77133	1;131567;2;48479;77133				cow rumen	true																							
KF009228	Uncultured bacterium clone 9007g-502 glycoside hydrolase 48 family protein (GH48) gene, partial cds.	uncultured bacterium	77133	1;131567;2;48479;77133				cow rumen	true																							
KF009229	Uncultured bacterium clone 9007g-504 glycoside hydrolase 48 family protein (GH48) gene, partial cds.	uncultured bacterium	77133	1;131567;2;48479;77133				cow rumen	true																							
KF009251	Uncultured bacterium clone 9007g-648 glycoside hydrolase 48 family protein (GH48) gene, partial cds.	uncultured bacterium	77133	1;131567;2;48479;77133				cow rumen	true																							
KF009253	Uncultured bacterium clone 9007g-653 glycoside hydrolase 48 family protein (GH48) gene, partial cds.	uncultured bacterium	77133	1;131567;2;48479;77133				cow rumen	true																							
KF009254	Uncultured bacterium clone 9015C-2 glycoside hydrolase 48 family protein (GH48) gene, partial cds.	uncultured bacterium	77133	1;131567;2;48479;77133				cow rumen	true																							
KF009256	Uncultured bacterium clone 9015C-140 glycoside hydrolase 48 family protein (GH48) gene, partial cds.	uncultured bacterium	77133	1;131567;2;48479;77133				cow rumen	true																							
KF009264	Uncultured bacterium clone 9015C-309 glycoside hydrolase 48 family protein (GH48) gene, partial cds.	uncultured bacterium	77133	1;131567;2;48479;77133				cow rumen	true																							
KF009273	Uncultured bacterium clone 9015C-324 glycoside hydrolase 48 family protein (GH48) gene, partial cds.	uncultured bacterium	77133	1;131567;2;48479;77133				cow rumen	true																							
KF009308	Uncultured bacterium clone 9015C-320 glycoside hydrolase 48 family protein (GH48) gene, partial cds.	uncultured bacterium	77133	1;131567;2;48479;77133				cow rumen	true																							
KF009317	Uncultured bacterium clone 9015C-508 glycoside hydrolase 48 family protein (GH48) gene, partial cds.	uncultured bacterium	77133	1;131567;2;48479;77133				cow rumen	true																							
KF009331	Uncultured bacterium clone 9015C-525 glycoside hydrolase 48 family protein (GH48) gene, partial cds.	uncultured bacterium	77133	1;131567;2;48479;77133				cow rumen	true																							
KF009339	Uncultured bacterium clone 9015C-541 glycoside hydrolase 48 family protein (GH48) gene, partial cds.	uncultured bacterium	77133	1;131567;2;48479;77133				cow rumen	true																							
KF009378	Uncultured bacterium clone 9015C-618 glycoside hydrolase 48 family protein (GH48) gene, partial cds.	uncultured bacterium	77133	1;131567;2;48479;77133				cow rumen	true																							
KF009382	Uncultured bacterium clone 9015C-624 glycoside hydrolase 48 family protein (GH48) gene, partial cds.	uncultured bacterium	77133	1;131567;2;48479;77133				cow rumen	true																							
KF009399	Uncultured bacterium clone 9015g-105 glycoside hydrolase 48 family protein (GH48) gene, partial cds.	uncultured bacterium	77133	1;131567;2;48479;77133				cow rumen	true																							
KF009412	Uncultured bacterium clone 9015g-206 glycoside hydrolase 48 family protein (GH48) gene, partial cds.	uncultured bacterium	77133	1;131567;2;48479;77133				cow rumen	true																							
KF009429	Uncultured bacterium clone 9015g-227 glycoside hydrolase 48 family protein (GH48) gene, partial cds.	uncultured bacterium	77133	1;131567;2;48479;77133				cow rumen	true																							
KF009430	Uncultured bacterium clone 9015g-228 glycoside hydrolase 48 family protein (GH48) gene, partial cds.	uncultured bacterium	77133	1;131567;2;48479;77133				cow rumen	true																							
KF009441	Uncultured bacterium clone 9015g-118 glycoside hydrolase 48 family protein (GH48) gene, partial cds.	uncultured bacterium	77133	1;131567;2;48479;77133				cow rumen	true																							
KF009476	Uncultured bacterium clone 9015g-329 glycoside hydrolase 48 family protein (GH48) gene, partial cds.	uncultured bacterium	77133	1;131567;2;48479;77133				cow rumen	true																							
KF009482	Uncultured bacterium clone 9015g-58 glycoside hydrolase 48 family protein (GH48) gene, partial cds.	uncultured bacterium	77133	1;131567;2;48479;77133				cow rumen	true																							
KF009497	Uncultured bacterium clone 9015g-409 glycoside hydrolase 48 family protein (GH48) gene, partial cds.	uncultured bacterium	77133	1;131567;2;48479;77133				cow rumen	true																							
KF009076	Uncultured bacterium clone 9007C-149 glycoside hydrolase 48 family protein (GH48) gene, partial cds.	uncultured bacterium	77133	1;131567;2;48479;77133				cow rumen	true																							
KF009077	Uncultured bacterium clone 9007C-150 glycoside hydrolase 48 family protein (GH48) gene, partial cds.	uncultured bacterium	77133	1;131567;2;48479;77133				cow rumen	true																							
KF009093	Uncultured bacterium clone 9007C-188 glycoside hydrolase 48 family protein (GH48) gene, partial cds.	uncultured bacterium	77133	1;131567;2;48479;77133				cow rumen	true																							
KF009099	Uncultured bacterium clone 9007C-57 glycoside hydrolase 48 family protein (GH48) gene, partial cds.	uncultured bacterium	77133	1;131567;2;48479;77133				cow rumen	true																							
KF009156	Uncultured bacterium clone 9007C-266 glycoside hydrolase 48 family protein (GH48) gene, partial cds.	uncultured bacterium	77133	1;131567;2;48479;77133				cow rumen	true																							
KF009175	Uncultured bacterium clone 9007g-112 glycoside hydrolase 48 family protein (GH48) gene, partial cds.	uncultured bacterium	77133	1;131567;2;48479;77133				cow rumen	true																							
KF009192	Uncultured bacterium clone 9007g-234 glycoside hydrolase 48 family protein (GH48) gene, partial cds.	uncultured bacterium	77133	1;131567;2;48479;77133				cow rumen	true																							
KF009209	Uncultured bacterium clone 9007g-378 glycoside hydrolase 48 family protein (GH48) gene, partial cds.	uncultured bacterium	77133	1;131567;2;48479;77133				cow rumen	true																							
KF009284	Uncultured bacterium clone 9015C-356 glycoside hydrolase 48 family protein (GH48) gene, partial cds.	uncultured bacterium	77133	1;131567;2;48479;77133				cow rumen	true																							
KF009295	Uncultured bacterium clone 9015C-347 glycoside hydrolase 48 family protein (GH48) gene, partial cds.	uncultured bacterium	77133	1;131567;2;48479;77133				cow rumen	true																							
KF009303	Uncultured bacterium clone 9015C-425 glycoside hydrolase 48 family protein (GH48) gene, partial cds.	uncultured bacterium	77133	1;131567;2;48479;77133				cow rumen	true																							
KF009309	Uncultured bacterium clone 9015C-329 glycoside hydrolase 48 family protein (GH48) gene, partial cds.	uncultured bacterium	77133	1;131567;2;48479;77133				cow rumen	true																							
KF009332	Uncultured bacterium clone 9015C-526 glycoside hydrolase 48 family protein (GH48) gene, partial cds.	uncultured bacterium	77133	1;131567;2;48479;77133				cow rumen	true																							
KF009338	Uncultured bacterium clone 9015C-540 glycoside hydrolase 48 family protein (GH48) gene, partial cds.	uncultured bacterium	77133	1;131567;2;48479;77133				cow rumen	true																							
KF009381	Uncultured bacterium clone 9015C-622 glycoside hydrolase 48 family protein (GH48) gene, partial cds.	uncultured bacterium	77133	1;131567;2;48479;77133				cow rumen	true																							
KF009406	Uncultured bacterium clone 9015g-116 glycoside hydrolase 48 family protein (GH48) gene, partial cds.	uncultured bacterium	77133	1;131567;2;48479;77133				cow rumen	true																							
KF009420	Uncultured bacterium clone 9015g-217 glycoside hydrolase 48 family protein (GH48) gene, partial cds.	uncultured bacterium	77133	1;131567;2;48479;77133				cow rumen	true																							
KF009422	Uncultured bacterium clone 9015g-219 glycoside hydrolase 48 family protein (GH48) gene, partial cds.	uncultured bacterium	77133	1;131567;2;48479;77133				cow rumen	true																							
KF009424	Uncultured bacterium clone 9015g-221 glycoside hydrolase 48 family protein (GH48) gene, partial cds.	uncultured bacterium	77133	1;131567;2;48479;77133				cow rumen	true																							
KF009445	Uncultured bacterium clone 9015g-124 glycoside hydrolase 48 family protein (GH48) gene, partial cds.	uncultured bacterium	77133	1;131567;2;48479;77133				cow rumen	true																							
KF009456	Uncultured bacterium clone 9015g-140 glycoside hydrolase 48 family protein (GH48) gene, partial cds.	uncultured bacterium	77133	1;131567;2;48479;77133				cow rumen	true																							
KF009479	Uncultured bacterium clone 9015g-51 glycoside hydrolase 48 family protein (GH48) gene, partial cds.	uncultured bacterium	77133	1;131567;2;48479;77133				cow rumen	true																							
KF009480	Uncultured bacterium clone 9015g-54 glycoside hydrolase 48 family protein (GH48) gene, partial cds.	uncultured bacterium	77133	1;131567;2;48479;77133				cow rumen	true																							
KF009490	Uncultured bacterium clone 9015g-402 glycoside hydrolase 48 family protein (GH48) gene, partial cds.	uncultured bacterium	77133	1;131567;2;48479;77133				cow rumen	true																							
KF009493	Uncultured bacterium clone 9015g-405 glycoside hydrolase 48 family protein (GH48) gene, partial cds.	uncultured bacterium	77133	1;131567;2;48479;77133				cow rumen	true																							
KF009507	Uncultured bacterium clone 9015g-422 glycoside hydrolase 48 family protein (GH48) gene, partial cds.	uncultured bacterium	77133	1;131567;2;48479;77133				cow rumen	true																							
KX768669	Uncultured actinobacterium clone GH48_2000-200mum_NPK_6 glycoside hydrolase family 48 protein (GH48) gene, partial cds.	uncultured Actinomycetes bacterium	152507	1;131567;2;1783272;201174;1760;35766;152507	China			arable soil	true								20-Sep-2014	2014-09-19	2014-09-20													
KX768685	Uncultured actinobacterium clone GH48_cell_63-2mum_CK_5 glycoside hydrolase family 48 protein (GH48) gene, partial cds.	uncultured Actinomycetes bacterium	152507	1;131567;2;1783272;201174;1760;35766;152507	China			arable soil	true								20-Sep-2014	2014-09-19	2014-09-20													
KX768690	Uncultured actinobacterium clone GH48_cell_63-2mum_NPKM_7 glycoside hydrolase family 48 protein (GH48) gene, partial cds.	uncultured Actinomycetes bacterium	152507	1;131567;2;1783272;201174;1760;35766;152507	China			arable soil	true								20-Sep-2014	2014-09-19	2014-09-20													
PV435898	Discocriconemella sp. c CCN-2025a isolate GH48 small subunit ribosomal RNA gene, partial sequence.	Discocriconemella sp. c CCN-2025a	3416227	1;131567;2759;33154;33208;6072;33213;33317;1206794;6231;119089;6236;6300;33283;211167;211168;211169;619193;2629714;3416227					false	forest							2024	2024-01-01	2024-12-31	GH48							ACC232_CZ06					
KF009221	Uncultured bacterium clone 9007g-348 glycoside hydrolase 48 family protein (GH48) gene, partial cds.	uncultured bacterium	77133	1;131567;2;48479;77133				cow rumen	true																							
KF009095	Uncultured bacterium clone 9007C-194 glycoside hydrolase 48 family protein (GH48) gene, partial cds.	uncultured bacterium	77133	1;131567;2;48479;77133				cow rumen	true																							
KF009150	Uncultured bacterium clone 9007C-257 glycoside hydrolase 48 family protein (GH48) gene, partial cds.	uncultured bacterium	77133	1;131567;2;48479;77133				cow rumen	true																							
KF009200	Uncultured bacterium clone 9007g-296 glycoside hydrolase 48 family protein (GH48) gene, partial cds.	uncultured bacterium	77133	1;131567;2;48479;77133				cow rumen	true																							
KF009269	Uncultured bacterium clone 9015C-316 glycoside hydrolase 48 family protein (GH48) gene, partial cds.	uncultured bacterium	77133	1;131567;2;48479;77133				cow rumen	true																							
KF009360	Uncultured bacterium clone 9015C-568 glycoside hydrolase 48 family protein (GH48) gene, partial cds.	uncultured bacterium	77133	1;131567;2;48479;77133				cow rumen	true																							
KX768673	Uncultured actinobacterium clone GH48_2-0.1mum_CK_7 glycoside hydrolase family 48 protein (GH48) gene, partial cds.	uncultured Actinomycetes bacterium	152507	1;131567;2;1783272;201174;1760;35766;152507	China			arable soil	true								20-Sep-2014	2014-09-19	2014-09-20													
KX768675	Uncultured actinobacterium clone GH48_2-0.1mum_NPK_2 glycoside hydrolase family 48 protein (GH48) gene, partial cds.	uncultured Actinomycetes bacterium	152507	1;131567;2;1783272;201174;1760;35766;152507	China			arable soil	true								20-Sep-2014	2014-09-19	2014-09-20													
